DATAFLOW,LAST UPDATE,freq,iccs,unit,geo,TIME_PERIOD,OBS_VALUE,OBS_FLAG
ESTAT:CRIM_OFF_CAT(1.0),23/04/24 23:00:00,Annual,Intentional homicide,Per hundred thousand inhabitants,Albania,2008,2.78,
ESTAT:CRIM_OFF_CAT(1.0),23/04/24 23:00:00,Annual,Intentional homicide,Per hundred thousand inhabitants,Albania,2009,2.57,
ESTAT:CRIM_OFF_CAT(1.0),23/04/24 23:00:00,Annual,Intentional homicide,Per hundred thousand inhabitants,Albania,2011,4.38,
ESTAT:CRIM_OFF_CAT(1.0),23/04/24 23:00:00,Annual,Intentional homicide,Per hundred thousand inhabitants,Albania,2014,3.38,
ESTAT:CRIM_OFF_CAT(1.0),23/04/24 23:00:00,Annual,Intentional homicide,Per hundred thousand inhabitants,Albania,2015,1.86,
ESTAT:CRIM_OFF_CAT(1.0),23/04/24 23:00:00,Annual,Intentional homicide,Per hundred thousand inhabitants,Albania,2016,2.46,
ESTAT:CRIM_OFF_CAT(1.0),23/04/24 23:00:00,Annual,Intentional homicide,Per hundred thousand inhabitants,Albania,2017,1.81,
ESTAT:CRIM_OFF_CAT(1.0),23/04/24 23:00:00,Annual,Intentional homicide,Per hundred thousand inhabitants,Albania,2018,1.78,
ESTAT:CRIM_OFF_CAT(1.0),23/04/24 23:00:00,Annual,Intentional homicide,Per hundred thousand inhabitants,Albania,2019,2.03,
ESTAT:CRIM_OFF_CAT(1.0),23/04/24 23:00:00,Annual,Intentional homicide,Per hundred thousand inhabitants,Albania,2020,1.83,
ESTAT:CRIM_OFF_CAT(1.0),23/04/24 23:00:00,Annual,Intentional homicide,Per hundred thousand inhabitants,Albania,2021,2.16,
ESTAT:CRIM_OFF_CAT(1.0),23/04/24 23:00:00,Annual,Intentional homicide,Per hundred thousand inhabitants,Albania,2022,1.50,
ESTAT:CRIM_OFF_CAT(1.0),23/04/24 23:00:00,Annual,Intentional homicide,Per hundred thousand inhabitants,Austria,2008,0.70,
ESTAT:CRIM_OFF_CAT(1.0),23/04/24 23:00:00,Annual,Intentional homicide,Per hundred thousand inhabitants,Austria,2009,0.61,
ESTAT:CRIM_OFF_CAT(1.0),23/04/24 23:00:00,Annual,Intentional homicide,Per hundred thousand inhabitants,Austria,2010,0.73,
ESTAT:CRIM_OFF_CAT(1.0),23/04/24 23:00:00,Annual,Intentional homicide,Per hundred thousand inhabitants,Austria,2011,0.96,
ESTAT:CRIM_OFF_CAT(1.0),23/04/24 23:00:00,Annual,Intentional homicide,Per hundred thousand inhabitants,Austria,2012,1.05,
ESTAT:CRIM_OFF_CAT(1.0),23/04/24 23:00:00,Annual,Intentional homicide,Per hundred thousand inhabitants,Austria,2013,0.75,
ESTAT:CRIM_OFF_CAT(1.0),23/04/24 23:00:00,Annual,Intentional homicide,Per hundred thousand inhabitants,Austria,2014,0.51,
ESTAT:CRIM_OFF_CAT(1.0),23/04/24 23:00:00,Annual,Intentional homicide,Per hundred thousand inhabitants,Austria,2015,0.49,
ESTAT:CRIM_OFF_CAT(1.0),23/04/24 23:00:00,Annual,Intentional homicide,Per hundred thousand inhabitants,Austria,2016,0.56,
ESTAT:CRIM_OFF_CAT(1.0),23/04/24 23:00:00,Annual,Intentional homicide,Per hundred thousand inhabitants,Austria,2017,0.70,
ESTAT:CRIM_OFF_CAT(1.0),23/04/24 23:00:00,Annual,Intentional homicide,Per hundred thousand inhabitants,Austria,2018,0.83,
ESTAT:CRIM_OFF_CAT(1.0),23/04/24 23:00:00,Annual,Intentional homicide,Per hundred thousand inhabitants,Austria,2019,0.84,
ESTAT:CRIM_OFF_CAT(1.0),23/04/24 23:00:00,Annual,Intentional homicide,Per hundred thousand inhabitants,Austria,2020,0.61,
ESTAT:CRIM_OFF_CAT(1.0),23/04/24 23:00:00,Annual,Intentional homicide,Per hundred thousand inhabitants,Austria,2021,0.66,
ESTAT:CRIM_OFF_CAT(1.0),23/04/24 23:00:00,Annual,Intentional homicide,Per hundred thousand inhabitants,Austria,2022,0.72,
ESTAT:CRIM_OFF_CAT(1.0),23/04/24 23:00:00,Annual,Intentional homicide,Per hundred thousand inhabitants,Bosnia and Herzegovina,2008,1.72,
ESTAT:CRIM_OFF_CAT(1.0),23/04/24 23:00:00,Annual,Intentional homicide,Per hundred thousand inhabitants,Bosnia and Herzegovina,2009,1.74,
ESTAT:CRIM_OFF_CAT(1.0),23/04/24 23:00:00,Annual,Intentional homicide,Per hundred thousand inhabitants,Bosnia and Herzegovina,2010,1.40,
ESTAT:CRIM_OFF_CAT(1.0),23/04/24 23:00:00,Annual,Intentional homicide,Per hundred thousand inhabitants,Bosnia and Herzegovina,2011,1.27,
ESTAT:CRIM_OFF_CAT(1.0),23/04/24 23:00:00,Annual,Intentional homicide,Per hundred thousand inhabitants,Bosnia and Herzegovina,2012,1.56,
ESTAT:CRIM_OFF_CAT(1.0),23/04/24 23:00:00,Annual,Intentional homicide,Per hundred thousand inhabitants,Belgium,2008,1.91,
ESTAT:CRIM_OFF_CAT(1.0),23/04/24 23:00:00,Annual,Intentional homicide,Per hundred thousand inhabitants,Belgium,2009,1.76,
ESTAT:CRIM_OFF_CAT(1.0),23/04/24 23:00:00,Annual,Intentional homicide,Per hundred thousand inhabitants,Belgium,2010,1.74,
ESTAT:CRIM_OFF_CAT(1.0),23/04/24 23:00:00,Annual,Intentional homicide,Per hundred thousand inhabitants,Belgium,2011,1.95,
ESTAT:CRIM_OFF_CAT(1.0),23/04/24 23:00:00,Annual,Intentional homicide,Per hundred thousand inhabitants,Belgium,2012,1.86,
ESTAT:CRIM_OFF_CAT(1.0),23/04/24 23:00:00,Annual,Intentional homicide,Per hundred thousand inhabitants,Belgium,2013,1.83,
ESTAT:CRIM_OFF_CAT(1.0),23/04/24 23:00:00,Annual,Intentional homicide,Per hundred thousand inhabitants,Belgium,2014,1.88,
ESTAT:CRIM_OFF_CAT(1.0),23/04/24 23:00:00,Annual,Intentional homicide,Per hundred thousand inhabitants,Belgium,2015,2.06,
ESTAT:CRIM_OFF_CAT(1.0),23/04/24 23:00:00,Annual,Intentional homicide,Per hundred thousand inhabitants,Belgium,2016,1.55,
ESTAT:CRIM_OFF_CAT(1.0),23/04/24 23:00:00,Annual,Intentional homicide,Per hundred thousand inhabitants,Belgium,2017,1.74,
ESTAT:CRIM_OFF_CAT(1.0),23/04/24 23:00:00,Annual,Intentional homicide,Per hundred thousand inhabitants,Belgium,2018,1.68,
ESTAT:CRIM_OFF_CAT(1.0),23/04/24 23:00:00,Annual,Intentional homicide,Per hundred thousand inhabitants,Belgium,2019,1.28,
ESTAT:CRIM_OFF_CAT(1.0),23/04/24 23:00:00,Annual,Intentional homicide,Per hundred thousand inhabitants,Belgium,2020,1.30,
ESTAT:CRIM_OFF_CAT(1.0),23/04/24 23:00:00,Annual,Intentional homicide,Per hundred thousand inhabitants,Belgium,2021,1.33,
ESTAT:CRIM_OFF_CAT(1.0),23/04/24 23:00:00,Annual,Intentional homicide,Per hundred thousand inhabitants,Belgium,2022,1.54,
ESTAT:CRIM_OFF_CAT(1.0),23/04/24 23:00:00,Annual,Intentional homicide,Per hundred thousand inhabitants,Bulgaria,2008,2.29,
ESTAT:CRIM_OFF_CAT(1.0),23/04/24 23:00:00,Annual,Intentional homicide,Per hundred thousand inhabitants,Bulgaria,2009,2.01,
ESTAT:CRIM_OFF_CAT(1.0),23/04/24 23:00:00,Annual,Intentional homicide,Per hundred thousand inhabitants,Bulgaria,2010,1.99,
ESTAT:CRIM_OFF_CAT(1.0),23/04/24 23:00:00,Annual,Intentional homicide,Per hundred thousand inhabitants,Bulgaria,2011,1.74,
ESTAT:CRIM_OFF_CAT(1.0),23/04/24 23:00:00,Annual,Intentional homicide,Per hundred thousand inhabitants,Bulgaria,2012,1.92,
ESTAT:CRIM_OFF_CAT(1.0),23/04/24 23:00:00,Annual,Intentional homicide,Per hundred thousand inhabitants,Bulgaria,2013,1.50,
ESTAT:CRIM_OFF_CAT(1.0),23/04/24 23:00:00,Annual,Intentional homicide,Per hundred thousand inhabitants,Bulgaria,2014,1.55,
ESTAT:CRIM_OFF_CAT(1.0),23/04/24 23:00:00,Annual,Intentional homicide,Per hundred thousand inhabitants,Bulgaria,2015,1.75,
ESTAT:CRIM_OFF_CAT(1.0),23/04/24 23:00:00,Annual,Intentional homicide,Per hundred thousand inhabitants,Bulgaria,2016,1.10,
ESTAT:CRIM_OFF_CAT(1.0),23/04/24 23:00:00,Annual,Intentional homicide,Per hundred thousand inhabitants,Bulgaria,2017,1.34,
ESTAT:CRIM_OFF_CAT(1.0),23/04/24 23:00:00,Annual,Intentional homicide,Per hundred thousand inhabitants,Bulgaria,2018,1.30,
ESTAT:CRIM_OFF_CAT(1.0),23/04/24 23:00:00,Annual,Intentional homicide,Per hundred thousand inhabitants,Bulgaria,2019,1.16,
ESTAT:CRIM_OFF_CAT(1.0),23/04/24 23:00:00,Annual,Intentional homicide,Per hundred thousand inhabitants,Bulgaria,2020,0.96,
ESTAT:CRIM_OFF_CAT(1.0),23/04/24 23:00:00,Annual,Intentional homicide,Per hundred thousand inhabitants,Bulgaria,2021,1.29,
ESTAT:CRIM_OFF_CAT(1.0),23/04/24 23:00:00,Annual,Intentional homicide,Per hundred thousand inhabitants,Bulgaria,2022,1.11,
ESTAT:CRIM_OFF_CAT(1.0),23/04/24 23:00:00,Annual,Intentional homicide,Per hundred thousand inhabitants,Switzerland,2008,0.71,
ESTAT:CRIM_OFF_CAT(1.0),23/04/24 23:00:00,Annual,Intentional homicide,Per hundred thousand inhabitants,Switzerland,2009,0.66,
ESTAT:CRIM_OFF_CAT(1.0),23/04/24 23:00:00,Annual,Intentional homicide,Per hundred thousand inhabitants,Switzerland,2010,0.68,
ESTAT:CRIM_OFF_CAT(1.0),23/04/24 23:00:00,Annual,Intentional homicide,Per hundred thousand inhabitants,Switzerland,2011,0.58,
ESTAT:CRIM_OFF_CAT(1.0),23/04/24 23:00:00,Annual,Intentional homicide,Per hundred thousand inhabitants,Switzerland,2012,0.57,
ESTAT:CRIM_OFF_CAT(1.0),23/04/24 23:00:00,Annual,Intentional homicide,Per hundred thousand inhabitants,Switzerland,2013,0.71,
ESTAT:CRIM_OFF_CAT(1.0),23/04/24 23:00:00,Annual,Intentional homicide,Per hundred thousand inhabitants,Switzerland,2014,0.50,
ESTAT:CRIM_OFF_CAT(1.0),23/04/24 23:00:00,Annual,Intentional homicide,Per hundred thousand inhabitants,Switzerland,2015,0.69,
ESTAT:CRIM_OFF_CAT(1.0),23/04/24 23:00:00,Annual,Intentional homicide,Per hundred thousand inhabitants,Switzerland,2016,0.54,
ESTAT:CRIM_OFF_CAT(1.0),23/04/24 23:00:00,Annual,Intentional homicide,Per hundred thousand inhabitants,Switzerland,2017,0.53,
ESTAT:CRIM_OFF_CAT(1.0),23/04/24 23:00:00,Annual,Intentional homicide,Per hundred thousand inhabitants,Switzerland,2018,0.59,
ESTAT:CRIM_OFF_CAT(1.0),23/04/24 23:00:00,Annual,Intentional homicide,Per hundred thousand inhabitants,Switzerland,2019,0.54,
ESTAT:CRIM_OFF_CAT(1.0),23/04/24 23:00:00,Annual,Intentional homicide,Per hundred thousand inhabitants,Switzerland,2020,0.55,
ESTAT:CRIM_OFF_CAT(1.0),23/04/24 23:00:00,Annual,Intentional homicide,Per hundred thousand inhabitants,Switzerland,2021,0.48,
ESTAT:CRIM_OFF_CAT(1.0),23/04/24 23:00:00,Annual,Intentional homicide,Per hundred thousand inhabitants,Switzerland,2022,0.48,
ESTAT:CRIM_OFF_CAT(1.0),23/04/24 23:00:00,Annual,Intentional homicide,Per hundred thousand inhabitants,Cyprus,2008,1.16,
ESTAT:CRIM_OFF_CAT(1.0),23/04/24 23:00:00,Annual,Intentional homicide,Per hundred thousand inhabitants,Cyprus,2009,2.38,
ESTAT:CRIM_OFF_CAT(1.0),23/04/24 23:00:00,Annual,Intentional homicide,Per hundred thousand inhabitants,Cyprus,2010,0.85,
ESTAT:CRIM_OFF_CAT(1.0),23/04/24 23:00:00,Annual,Intentional homicide,Per hundred thousand inhabitants,Cyprus,2011,0.95,
ESTAT:CRIM_OFF_CAT(1.0),23/04/24 23:00:00,Annual,Intentional homicide,Per hundred thousand inhabitants,Cyprus,2012,2.20,
ESTAT:CRIM_OFF_CAT(1.0),23/04/24 23:00:00,Annual,Intentional homicide,Per hundred thousand inhabitants,Cyprus,2013,1.27,
ESTAT:CRIM_OFF_CAT(1.0),23/04/24 23:00:00,Annual,Intentional homicide,Per hundred thousand inhabitants,Cyprus,2014,1.17,
ESTAT:CRIM_OFF_CAT(1.0),23/04/24 23:00:00,Annual,Intentional homicide,Per hundred thousand inhabitants,Cyprus,2015,1.42,
ESTAT:CRIM_OFF_CAT(1.0),23/04/24 23:00:00,Annual,Intentional homicide,Per hundred thousand inhabitants,Cyprus,2016,1.30,
ESTAT:CRIM_OFF_CAT(1.0),23/04/24 23:00:00,Annual,Intentional homicide,Per hundred thousand inhabitants,Cyprus,2017,0.82,
ESTAT:CRIM_OFF_CAT(1.0),23/04/24 23:00:00,Annual,Intentional homicide,Per hundred thousand inhabitants,Cyprus,2018,1.62,
ESTAT:CRIM_OFF_CAT(1.0),23/04/24 23:00:00,Annual,Intentional homicide,Per hundred thousand inhabitants,Cyprus,2019,1.48,
ESTAT:CRIM_OFF_CAT(1.0),23/04/24 23:00:00,Annual,Intentional homicide,Per hundred thousand inhabitants,Cyprus,2020,1.69,
ESTAT:CRIM_OFF_CAT(1.0),23/04/24 23:00:00,Annual,Intentional homicide,Per hundred thousand inhabitants,Cyprus,2021,1.56,
ESTAT:CRIM_OFF_CAT(1.0),23/04/24 23:00:00,Annual,Intentional homicide,Per hundred thousand inhabitants,Cyprus,2022,0.77,
ESTAT:CRIM_OFF_CAT(1.0),23/04/24 23:00:00,Annual,Intentional homicide,Per hundred thousand inhabitants,Czechia,2008,1.09,
ESTAT:CRIM_OFF_CAT(1.0),23/04/24 23:00:00,Annual,Intentional homicide,Per hundred thousand inhabitants,Czechia,2009,1.01,
ESTAT:CRIM_OFF_CAT(1.0),23/04/24 23:00:00,Annual,Intentional homicide,Per hundred thousand inhabitants,Czechia,2010,1.00,
ESTAT:CRIM_OFF_CAT(1.0),23/04/24 23:00:00,Annual,Intentional homicide,Per hundred thousand inhabitants,Czechia,2011,0.79,
ESTAT:CRIM_OFF_CAT(1.0),23/04/24 23:00:00,Annual,Intentional homicide,Per hundred thousand inhabitants,Czechia,2012,0.90,
ESTAT:CRIM_OFF_CAT(1.0),23/04/24 23:00:00,Annual,Intentional homicide,Per hundred thousand inhabitants,Czechia,2013,0.86,
ESTAT:CRIM_OFF_CAT(1.0),23/04/24 23:00:00,Annual,Intentional homicide,Per hundred thousand inhabitants,Czechia,2014,0.77,
ESTAT:CRIM_OFF_CAT(1.0),23/04/24 23:00:00,Annual,Intentional homicide,Per hundred thousand inhabitants,Czechia,2015,0.84,
ESTAT:CRIM_OFF_CAT(1.0),23/04/24 23:00:00,Annual,Intentional homicide,Per hundred thousand inhabitants,Czechia,2016,0.62,
ESTAT:CRIM_OFF_CAT(1.0),23/04/24 23:00:00,Annual,Intentional homicide,Per hundred thousand inhabitants,Czechia,2017,0.38,
ESTAT:CRIM_OFF_CAT(1.0),23/04/24 23:00:00,Annual,Intentional homicide,Per hundred thousand inhabitants,Czechia,2018,0.52,
ESTAT:CRIM_OFF_CAT(1.0),23/04/24 23:00:00,Annual,Intentional homicide,Per hundred thousand inhabitants,Czechia,2019,0.76,
ESTAT:CRIM_OFF_CAT(1.0),23/04/24 23:00:00,Annual,Intentional homicide,Per hundred thousand inhabitants,Czechia,2020,0.53,
ESTAT:CRIM_OFF_CAT(1.0),23/04/24 23:00:00,Annual,Intentional homicide,Per hundred thousand inhabitants,Czechia,2021,0.43,
ESTAT:CRIM_OFF_CAT(1.0),23/04/24 23:00:00,Annual,Intentional homicide,Per hundred thousand inhabitants,Czechia,2022,0.75,
ESTAT:CRIM_OFF_CAT(1.0),23/04/24 23:00:00,Annual,Intentional homicide,Per hundred thousand inhabitants,Germany,2008,0.80,
ESTAT:CRIM_OFF_CAT(1.0),23/04/24 23:00:00,Annual,Intentional homicide,Per hundred thousand inhabitants,Germany,2009,0.88,
ESTAT:CRIM_OFF_CAT(1.0),23/04/24 23:00:00,Annual,Intentional homicide,Per hundred thousand inhabitants,Germany,2010,0.85,
ESTAT:CRIM_OFF_CAT(1.0),23/04/24 23:00:00,Annual,Intentional homicide,Per hundred thousand inhabitants,Germany,2011,0.86,
ESTAT:CRIM_OFF_CAT(1.0),23/04/24 23:00:00,Annual,Intentional homicide,Per hundred thousand inhabitants,Germany,2012,0.77,
ESTAT:CRIM_OFF_CAT(1.0),23/04/24 23:00:00,Annual,Intentional homicide,Per hundred thousand inhabitants,Germany,2013,0.77,
ESTAT:CRIM_OFF_CAT(1.0),23/04/24 23:00:00,Annual,Intentional homicide,Per hundred thousand inhabitants,Germany,2014,0.80,
ESTAT:CRIM_OFF_CAT(1.0),23/04/24 23:00:00,Annual,Intentional homicide,Per hundred thousand inhabitants,Germany,2015,0.81,
ESTAT:CRIM_OFF_CAT(1.0),23/04/24 23:00:00,Annual,Intentional homicide,Per hundred thousand inhabitants,Germany,2016,0.91,
ESTAT:CRIM_OFF_CAT(1.0),23/04/24 23:00:00,Annual,Intentional homicide,Per hundred thousand inhabitants,Germany,2017,0.89,
ESTAT:CRIM_OFF_CAT(1.0),23/04/24 23:00:00,Annual,Intentional homicide,Per hundred thousand inhabitants,Germany,2018,0.76,
ESTAT:CRIM_OFF_CAT(1.0),23/04/24 23:00:00,Annual,Intentional homicide,Per hundred thousand inhabitants,Germany,2019,0.71,
ESTAT:CRIM_OFF_CAT(1.0),23/04/24 23:00:00,Annual,Intentional homicide,Per hundred thousand inhabitants,Germany,2020,0.86,
ESTAT:CRIM_OFF_CAT(1.0),23/04/24 23:00:00,Annual,Intentional homicide,Per hundred thousand inhabitants,Germany,2021,0.76,
ESTAT:CRIM_OFF_CAT(1.0),23/04/24 23:00:00,Annual,Intentional homicide,Per hundred thousand inhabitants,Germany,2022,0.74,
ESTAT:CRIM_OFF_CAT(1.0),23/04/24 23:00:00,Annual,Intentional homicide,Per hundred thousand inhabitants,Denmark,2008,0.96,
ESTAT:CRIM_OFF_CAT(1.0),23/04/24 23:00:00,Annual,Intentional homicide,Per hundred thousand inhabitants,Denmark,2009,1.01,
ESTAT:CRIM_OFF_CAT(1.0),23/04/24 23:00:00,Annual,Intentional homicide,Per hundred thousand inhabitants,Denmark,2010,0.89,
ESTAT:CRIM_OFF_CAT(1.0),23/04/24 23:00:00,Annual,Intentional homicide,Per hundred thousand inhabitants,Denmark,2011,0.88,
ESTAT:CRIM_OFF_CAT(1.0),23/04/24 23:00:00,Annual,Intentional homicide,Per hundred thousand inhabitants,Denmark,2012,0.77,
ESTAT:CRIM_OFF_CAT(1.0),23/04/24 23:00:00,Annual,Intentional homicide,Per hundred thousand inhabitants,Denmark,2013,0.73,
ESTAT:CRIM_OFF_CAT(1.0),23/04/24 23:00:00,Annual,Intentional homicide,Per hundred thousand inhabitants,Denmark,2014,1.10,
ESTAT:CRIM_OFF_CAT(1.0),23/04/24 23:00:00,Annual,Intentional homicide,Per hundred thousand inhabitants,Denmark,2015,0.92,
ESTAT:CRIM_OFF_CAT(1.0),23/04/24 23:00:00,Annual,Intentional homicide,Per hundred thousand inhabitants,Denmark,2016,0.93,
ESTAT:CRIM_OFF_CAT(1.0),23/04/24 23:00:00,Annual,Intentional homicide,Per hundred thousand inhabitants,Denmark,2017,1.06,
ESTAT:CRIM_OFF_CAT(1.0),23/04/24 23:00:00,Annual,Intentional homicide,Per hundred thousand inhabitants,Denmark,2018,0.93,
ESTAT:CRIM_OFF_CAT(1.0),23/04/24 23:00:00,Annual,Intentional homicide,Per hundred thousand inhabitants,Denmark,2019,0.93,
ESTAT:CRIM_OFF_CAT(1.0),23/04/24 23:00:00,Annual,Intentional homicide,Per hundred thousand inhabitants,Denmark,2020,0.88,
ESTAT:CRIM_OFF_CAT(1.0),23/04/24 23:00:00,Annual,Intentional homicide,Per hundred thousand inhabitants,Denmark,2021,0.72,
ESTAT:CRIM_OFF_CAT(1.0),23/04/24 23:00:00,Annual,Intentional homicide,Per hundred thousand inhabitants,Denmark,2022,1.00,
ESTAT:CRIM_OFF_CAT(1.0),23/04/24 23:00:00,Annual,Intentional homicide,Per hundred thousand inhabitants,Estonia,2008,6.28,
ESTAT:CRIM_OFF_CAT(1.0),23/04/24 23:00:00,Annual,Intentional homicide,Per hundred thousand inhabitants,Estonia,2009,5.24,
ESTAT:CRIM_OFF_CAT(1.0),23/04/24 23:00:00,Annual,Intentional homicide,Per hundred thousand inhabitants,Estonia,2010,5.25,
ESTAT:CRIM_OFF_CAT(1.0),23/04/24 23:00:00,Annual,Intentional homicide,Per hundred thousand inhabitants,Estonia,2011,4.89,
ESTAT:CRIM_OFF_CAT(1.0),23/04/24 23:00:00,Annual,Intentional homicide,Per hundred thousand inhabitants,Estonia,2012,4.75,
ESTAT:CRIM_OFF_CAT(1.0),23/04/24 23:00:00,Annual,Intentional homicide,Per hundred thousand inhabitants,Estonia,2013,3.94,
ESTAT:CRIM_OFF_CAT(1.0),23/04/24 23:00:00,Annual,Intentional homicide,Per hundred thousand inhabitants,Estonia,2014,3.12,
ESTAT:CRIM_OFF_CAT(1.0),23/04/24 23:00:00,Annual,Intentional homicide,Per hundred thousand inhabitants,Estonia,2015,3.80,
ESTAT:CRIM_OFF_CAT(1.0),23/04/24 23:00:00,Annual,Intentional homicide,Per hundred thousand inhabitants,Estonia,2016,2.51,
ESTAT:CRIM_OFF_CAT(1.0),23/04/24 23:00:00,Annual,Intentional homicide,Per hundred thousand inhabitants,Estonia,2017,2.20,
ESTAT:CRIM_OFF_CAT(1.0),23/04/24 23:00:00,Annual,Intentional homicide,Per hundred thousand inhabitants,Estonia,2018,1.90,
ESTAT:CRIM_OFF_CAT(1.0),23/04/24 23:00:00,Annual,Intentional homicide,Per hundred thousand inhabitants,Estonia,2019,1.74,
ESTAT:CRIM_OFF_CAT(1.0),23/04/24 23:00:00,Annual,Intentional homicide,Per hundred thousand inhabitants,Estonia,2020,2.78,
ESTAT:CRIM_OFF_CAT(1.0),23/04/24 23:00:00,Annual,Intentional homicide,Per hundred thousand inhabitants,Estonia,2021,1.43,
ESTAT:CRIM_OFF_CAT(1.0),23/04/24 23:00:00,Annual,Intentional homicide,Per hundred thousand inhabitants,Estonia,2022,1.35,
ESTAT:CRIM_OFF_CAT(1.0),23/04/24 23:00:00,Annual,Intentional homicide,Per hundred thousand inhabitants,Greece,2008,1.29,
ESTAT:CRIM_OFF_CAT(1.0),23/04/24 23:00:00,Annual,Intentional homicide,Per hundred thousand inhabitants,Greece,2009,1.36,
ESTAT:CRIM_OFF_CAT(1.0),23/04/24 23:00:00,Annual,Intentional homicide,Per hundred thousand inhabitants,Greece,2010,1.58,
ESTAT:CRIM_OFF_CAT(1.0),23/04/24 23:00:00,Annual,Intentional homicide,Per hundred thousand inhabitants,Greece,2011,1.65,
ESTAT:CRIM_OFF_CAT(1.0),23/04/24 23:00:00,Annual,Intentional homicide,Per hundred thousand inhabitants,Greece,2012,1.49,
ESTAT:CRIM_OFF_CAT(1.0),23/04/24 23:00:00,Annual,Intentional homicide,Per hundred thousand inhabitants,Greece,2013,1.28,
ESTAT:CRIM_OFF_CAT(1.0),23/04/24 23:00:00,Annual,Intentional homicide,Per hundred thousand inhabitants,Greece,2014,0.96,
ESTAT:CRIM_OFF_CAT(1.0),23/04/24 23:00:00,Annual,Intentional homicide,Per hundred thousand inhabitants,Greece,2015,0.79,
ESTAT:CRIM_OFF_CAT(1.0),23/04/24 23:00:00,Annual,Intentional homicide,Per hundred thousand inhabitants,Greece,2016,0.75,
ESTAT:CRIM_OFF_CAT(1.0),23/04/24 23:00:00,Annual,Intentional homicide,Per hundred thousand inhabitants,Greece,2017,0.72,
ESTAT:CRIM_OFF_CAT(1.0),23/04/24 23:00:00,Annual,Intentional homicide,Per hundred thousand inhabitants,Greece,2018,0.88,
ESTAT:CRIM_OFF_CAT(1.0),23/04/24 23:00:00,Annual,Intentional homicide,Per hundred thousand inhabitants,Greece,2019,0.71,
ESTAT:CRIM_OFF_CAT(1.0),23/04/24 23:00:00,Annual,Intentional homicide,Per hundred thousand inhabitants,Greece,2020,0.68,
ESTAT:CRIM_OFF_CAT(1.0),23/04/24 23:00:00,Annual,Intentional homicide,Per hundred thousand inhabitants,Greece,2021,0.83,
ESTAT:CRIM_OFF_CAT(1.0),23/04/24 23:00:00,Annual,Intentional homicide,Per hundred thousand inhabitants,Greece,2022,0.76,
ESTAT:CRIM_OFF_CAT(1.0),23/04/24 23:00:00,Annual,Intentional homicide,Per hundred thousand inhabitants,Spain,2008,0.89,
ESTAT:CRIM_OFF_CAT(1.0),23/04/24 23:00:00,Annual,Intentional homicide,Per hundred thousand inhabitants,Spain,2009,0.89,
ESTAT:CRIM_OFF_CAT(1.0),23/04/24 23:00:00,Annual,Intentional homicide,Per hundred thousand inhabitants,Spain,2010,0.86,
ESTAT:CRIM_OFF_CAT(1.0),23/04/24 23:00:00,Annual,Intentional homicide,Per hundred thousand inhabitants,Spain,2011,0.82,
ESTAT:CRIM_OFF_CAT(1.0),23/04/24 23:00:00,Annual,Intentional homicide,Per hundred thousand inhabitants,Spain,2012,0.78,
ESTAT:CRIM_OFF_CAT(1.0),23/04/24 23:00:00,Annual,Intentional homicide,Per hundred thousand inhabitants,Spain,2013,0.65,
ESTAT:CRIM_OFF_CAT(1.0),23/04/24 23:00:00,Annual,Intentional homicide,Per hundred thousand inhabitants,Spain,2014,0.69,
ESTAT:CRIM_OFF_CAT(1.0),23/04/24 23:00:00,Annual,Intentional homicide,Per hundred thousand inhabitants,Spain,2015,0.65,
ESTAT:CRIM_OFF_CAT(1.0),23/04/24 23:00:00,Annual,Intentional homicide,Per hundred thousand inhabitants,Spain,2016,0.63,
ESTAT:CRIM_OFF_CAT(1.0),23/04/24 23:00:00,Annual,Intentional homicide,Per hundred thousand inhabitants,Spain,2017,0.66,
ESTAT:CRIM_OFF_CAT(1.0),23/04/24 23:00:00,Annual,Intentional homicide,Per hundred thousand inhabitants,Spain,2018,0.62,
ESTAT:CRIM_OFF_CAT(1.0),23/04/24 23:00:00,Annual,Intentional homicide,Per hundred thousand inhabitants,Spain,2019,0.71,
ESTAT:CRIM_OFF_CAT(1.0),23/04/24 23:00:00,Annual,Intentional homicide,Per hundred thousand inhabitants,Spain,2020,0.63,
ESTAT:CRIM_OFF_CAT(1.0),23/04/24 23:00:00,Annual,Intentional homicide,Per hundred thousand inhabitants,Spain,2021,0.61,
ESTAT:CRIM_OFF_CAT(1.0),23/04/24 23:00:00,Annual,Intentional homicide,Per hundred thousand inhabitants,Spain,2022,0.69,
ESTAT:CRIM_OFF_CAT(1.0),23/04/24 23:00:00,Annual,Intentional homicide,Per hundred thousand inhabitants,Finland,2008,3.02,
ESTAT:CRIM_OFF_CAT(1.0),23/04/24 23:00:00,Annual,Intentional homicide,Per hundred thousand inhabitants,Finland,2009,2.59,
ESTAT:CRIM_OFF_CAT(1.0),23/04/24 23:00:00,Annual,Intentional homicide,Per hundred thousand inhabitants,Finland,2010,2.49,
ESTAT:CRIM_OFF_CAT(1.0),23/04/24 23:00:00,Annual,Intentional homicide,Per hundred thousand inhabitants,Finland,2011,2.49,
ESTAT:CRIM_OFF_CAT(1.0),23/04/24 23:00:00,Annual,Intentional homicide,Per hundred thousand inhabitants,Finland,2012,1.98,
ESTAT:CRIM_OFF_CAT(1.0),23/04/24 23:00:00,Annual,Intentional homicide,Per hundred thousand inhabitants,Finland,2013,1.97,
ESTAT:CRIM_OFF_CAT(1.0),23/04/24 23:00:00,Annual,Intentional homicide,Per hundred thousand inhabitants,Finland,2014,2.05,
ESTAT:CRIM_OFF_CAT(1.0),23/04/24 23:00:00,Annual,Intentional homicide,Per hundred thousand inhabitants,Finland,2015,2.12,
ESTAT:CRIM_OFF_CAT(1.0),23/04/24 23:00:00,Annual,Intentional homicide,Per hundred thousand inhabitants,Finland,2016,1.75,
ESTAT:CRIM_OFF_CAT(1.0),23/04/24 23:00:00,Annual,Intentional homicide,Per hundred thousand inhabitants,Finland,2017,1.34,
ESTAT:CRIM_OFF_CAT(1.0),23/04/24 23:00:00,Annual,Intentional homicide,Per hundred thousand inhabitants,Finland,2018,1.72,
ESTAT:CRIM_OFF_CAT(1.0),23/04/24 23:00:00,Annual,Intentional homicide,Per hundred thousand inhabitants,Finland,2019,1.50,
ESTAT:CRIM_OFF_CAT(1.0),23/04/24 23:00:00,Annual,Intentional homicide,Per hundred thousand inhabitants,Finland,2020,1.72,
ESTAT:CRIM_OFF_CAT(1.0),23/04/24 23:00:00,Annual,Intentional homicide,Per hundred thousand inhabitants,Finland,2021,1.70,
ESTAT:CRIM_OFF_CAT(1.0),23/04/24 23:00:00,Annual,Intentional homicide,Per hundred thousand inhabitants,Finland,2022,1.50,
ESTAT:CRIM_OFF_CAT(1.0),23/04/24 23:00:00,Annual,Intentional homicide,Per hundred thousand inhabitants,France,2008,1.52,
ESTAT:CRIM_OFF_CAT(1.0),23/04/24 23:00:00,Annual,Intentional homicide,Per hundred thousand inhabitants,France,2009,1.25,
ESTAT:CRIM_OFF_CAT(1.0),23/04/24 23:00:00,Annual,Intentional homicide,Per hundred thousand inhabitants,France,2010,1.23,
ESTAT:CRIM_OFF_CAT(1.0),23/04/24 23:00:00,Annual,Intentional homicide,Per hundred thousand inhabitants,France,2011,1.35,
ESTAT:CRIM_OFF_CAT(1.0),23/04/24 23:00:00,Annual,Intentional homicide,Per hundred thousand inhabitants,France,2012,1.25,
ESTAT:CRIM_OFF_CAT(1.0),23/04/24 23:00:00,Annual,Intentional homicide,Per hundred thousand inhabitants,France,2013,1.22,
ESTAT:CRIM_OFF_CAT(1.0),23/04/24 23:00:00,Annual,Intentional homicide,Per hundred thousand inhabitants,France,2014,1.16,
ESTAT:CRIM_OFF_CAT(1.0),23/04/24 23:00:00,Annual,Intentional homicide,Per hundred thousand inhabitants,France,2015,1.32,
ESTAT:CRIM_OFF_CAT(1.0),23/04/24 23:00:00,Annual,Intentional homicide,Per hundred thousand inhabitants,France,2016,1.17,
ESTAT:CRIM_OFF_CAT(1.0),23/04/24 23:00:00,Annual,Intentional homicide,Per hundred thousand inhabitants,France,2017,1.06,
ESTAT:CRIM_OFF_CAT(1.0),23/04/24 23:00:00,Annual,Intentional homicide,Per hundred thousand inhabitants,France,2018,1.04,
ESTAT:CRIM_OFF_CAT(1.0),23/04/24 23:00:00,Annual,Intentional homicide,Per hundred thousand inhabitants,France,2019,1.12,
ESTAT:CRIM_OFF_CAT(1.0),23/04/24 23:00:00,Annual,Intentional homicide,Per hundred thousand inhabitants,France,2020,1.03,
ESTAT:CRIM_OFF_CAT(1.0),23/04/24 23:00:00,Annual,Intentional homicide,Per hundred thousand inhabitants,France,2021,1.08,
ESTAT:CRIM_OFF_CAT(1.0),23/04/24 23:00:00,Annual,Intentional homicide,Per hundred thousand inhabitants,France,2022,1.21,
ESTAT:CRIM_OFF_CAT(1.0),23/04/24 23:00:00,Annual,Intentional homicide,Per hundred thousand inhabitants,Croatia,2008,1.65,
ESTAT:CRIM_OFF_CAT(1.0),23/04/24 23:00:00,Annual,Intentional homicide,Per hundred thousand inhabitants,Croatia,2009,1.14,
ESTAT:CRIM_OFF_CAT(1.0),23/04/24 23:00:00,Annual,Intentional homicide,Per hundred thousand inhabitants,Croatia,2010,1.44,
ESTAT:CRIM_OFF_CAT(1.0),23/04/24 23:00:00,Annual,Intentional homicide,Per hundred thousand inhabitants,Croatia,2011,1.14,
ESTAT:CRIM_OFF_CAT(1.0),23/04/24 23:00:00,Annual,Intentional homicide,Per hundred thousand inhabitants,Croatia,2012,1.19,
ESTAT:CRIM_OFF_CAT(1.0),23/04/24 23:00:00,Annual,Intentional homicide,Per hundred thousand inhabitants,Croatia,2013,1.08,
ESTAT:CRIM_OFF_CAT(1.0),23/04/24 23:00:00,Annual,Intentional homicide,Per hundred thousand inhabitants,Croatia,2014,0.85,
ESTAT:CRIM_OFF_CAT(1.0),23/04/24 23:00:00,Annual,Intentional homicide,Per hundred thousand inhabitants,Croatia,2015,0.88,
ESTAT:CRIM_OFF_CAT(1.0),23/04/24 23:00:00,Annual,Intentional homicide,Per hundred thousand inhabitants,Croatia,2016,1.05,
ESTAT:CRIM_OFF_CAT(1.0),23/04/24 23:00:00,Annual,Intentional homicide,Per hundred thousand inhabitants,Croatia,2017,1.11,
ESTAT:CRIM_OFF_CAT(1.0),23/04/24 23:00:00,Annual,Intentional homicide,Per hundred thousand inhabitants,Croatia,2018,0.58,
ESTAT:CRIM_OFF_CAT(1.0),23/04/24 23:00:00,Annual,Intentional homicide,Per hundred thousand inhabitants,Croatia,2019,0.81,
ESTAT:CRIM_OFF_CAT(1.0),23/04/24 23:00:00,Annual,Intentional homicide,Per hundred thousand inhabitants,Croatia,2020,0.99,
ESTAT:CRIM_OFF_CAT(1.0),23/04/24 23:00:00,Annual,Intentional homicide,Per hundred thousand inhabitants,Croatia,2021,0.82,
ESTAT:CRIM_OFF_CAT(1.0),23/04/24 23:00:00,Annual,Intentional homicide,Per hundred thousand inhabitants,Croatia,2022,0.80,
ESTAT:CRIM_OFF_CAT(1.0),23/04/24 23:00:00,Annual,Intentional homicide,Per hundred thousand inhabitants,Hungary,2008,1.46,
ESTAT:CRIM_OFF_CAT(1.0),23/04/24 23:00:00,Annual,Intentional homicide,Per hundred thousand inhabitants,Hungary,2009,1.39,
ESTAT:CRIM_OFF_CAT(1.0),23/04/24 23:00:00,Annual,Intentional homicide,Per hundred thousand inhabitants,Hungary,2010,1.33,
ESTAT:CRIM_OFF_CAT(1.0),23/04/24 23:00:00,Annual,Intentional homicide,Per hundred thousand inhabitants,Hungary,2011,1.42,
ESTAT:CRIM_OFF_CAT(1.0),23/04/24 23:00:00,Annual,Intentional homicide,Per hundred thousand inhabitants,Hungary,2012,1.14,
ESTAT:CRIM_OFF_CAT(1.0),23/04/24 23:00:00,Annual,Intentional homicide,Per hundred thousand inhabitants,Hungary,2013,1.39,
ESTAT:CRIM_OFF_CAT(1.0),23/04/24 23:00:00,Annual,Intentional homicide,Per hundred thousand inhabitants,Hungary,2014,1.31,
ESTAT:CRIM_OFF_CAT(1.0),23/04/24 23:00:00,Annual,Intentional homicide,Per hundred thousand inhabitants,Hungary,2015,2.05,
ESTAT:CRIM_OFF_CAT(1.0),23/04/24 23:00:00,Annual,Intentional homicide,Per hundred thousand inhabitants,Hungary,2016,0.93,
ESTAT:CRIM_OFF_CAT(1.0),23/04/24 23:00:00,Annual,Intentional homicide,Per hundred thousand inhabitants,Hungary,2017,0.87,
ESTAT:CRIM_OFF_CAT(1.0),23/04/24 23:00:00,Annual,Intentional homicide,Per hundred thousand inhabitants,Hungary,2018,0.85,
ESTAT:CRIM_OFF_CAT(1.0),23/04/24 23:00:00,Annual,Intentional homicide,Per hundred thousand inhabitants,Hungary,2019,0.59,
ESTAT:CRIM_OFF_CAT(1.0),23/04/24 23:00:00,Annual,Intentional homicide,Per hundred thousand inhabitants,Hungary,2020,0.79,
ESTAT:CRIM_OFF_CAT(1.0),23/04/24 23:00:00,Annual,Intentional homicide,Per hundred thousand inhabitants,Hungary,2021,0.69,
ESTAT:CRIM_OFF_CAT(1.0),23/04/24 23:00:00,Annual,Intentional homicide,Per hundred thousand inhabitants,Hungary,2022,0.88,
ESTAT:CRIM_OFF_CAT(1.0),23/04/24 23:00:00,Annual,Intentional homicide,Per hundred thousand inhabitants,Ireland,2008,1.14,
ESTAT:CRIM_OFF_CAT(1.0),23/04/24 23:00:00,Annual,Intentional homicide,Per hundred thousand inhabitants,Ireland,2009,1.17,
ESTAT:CRIM_OFF_CAT(1.0),23/04/24 23:00:00,Annual,Intentional homicide,Per hundred thousand inhabitants,Ireland,2010,1.21,
ESTAT:CRIM_OFF_CAT(1.0),23/04/24 23:00:00,Annual,Intentional homicide,Per hundred thousand inhabitants,Ireland,2011,0.92,
ESTAT:CRIM_OFF_CAT(1.0),23/04/24 23:00:00,Annual,Intentional homicide,Per hundred thousand inhabitants,Ireland,2012,1.13,
ESTAT:CRIM_OFF_CAT(1.0),23/04/24 23:00:00,Annual,Intentional homicide,Per hundred thousand inhabitants,Ireland,2013,1.11,
ESTAT:CRIM_OFF_CAT(1.0),23/04/24 23:00:00,Annual,Intentional homicide,Per hundred thousand inhabitants,Ireland,2014,1.15,
ESTAT:CRIM_OFF_CAT(1.0),23/04/24 23:00:00,Annual,Intentional homicide,Per hundred thousand inhabitants,Ireland,2015,0.64,
ESTAT:CRIM_OFF_CAT(1.0),23/04/24 23:00:00,Annual,Intentional homicide,Per hundred thousand inhabitants,Ireland,2016,0.72,
ESTAT:CRIM_OFF_CAT(1.0),23/04/24 23:00:00,Annual,Intentional homicide,Per hundred thousand inhabitants,Ireland,2017,0.82,
ESTAT:CRIM_OFF_CAT(1.0),23/04/24 23:00:00,Annual,Intentional homicide,Per hundred thousand inhabitants,Ireland,2018,0.81,
ESTAT:CRIM_OFF_CAT(1.0),23/04/24 23:00:00,Annual,Intentional homicide,Per hundred thousand inhabitants,Ireland,2019,0.65,
ESTAT:CRIM_OFF_CAT(1.0),23/04/24 23:00:00,Annual,Intentional homicide,Per hundred thousand inhabitants,Ireland,2020,0.64,
ESTAT:CRIM_OFF_CAT(1.0),23/04/24 23:00:00,Annual,Intentional homicide,Per hundred thousand inhabitants,Ireland,2021,0.46,
ESTAT:CRIM_OFF_CAT(1.0),23/04/24 23:00:00,Annual,Intentional homicide,Per hundred thousand inhabitants,Ireland,2022,0.87,
ESTAT:CRIM_OFF_CAT(1.0),23/04/24 23:00:00,Annual,Intentional homicide,Per hundred thousand inhabitants,Iceland,2008,0.00,
ESTAT:CRIM_OFF_CAT(1.0),23/04/24 23:00:00,Annual,Intentional homicide,Per hundred thousand inhabitants,Iceland,2009,0.31,
ESTAT:CRIM_OFF_CAT(1.0),23/04/24 23:00:00,Annual,Intentional homicide,Per hundred thousand inhabitants,Iceland,2010,0.63,
ESTAT:CRIM_OFF_CAT(1.0),23/04/24 23:00:00,Annual,Intentional homicide,Per hundred thousand inhabitants,Iceland,2011,0.94,
ESTAT:CRIM_OFF_CAT(1.0),23/04/24 23:00:00,Annual,Intentional homicide,Per hundred thousand inhabitants,Iceland,2012,0.31,
ESTAT:CRIM_OFF_CAT(1.0),23/04/24 23:00:00,Annual,Intentional homicide,Per hundred thousand inhabitants,Iceland,2013,0.31,
ESTAT:CRIM_OFF_CAT(1.0),23/04/24 23:00:00,Annual,Intentional homicide,Per hundred thousand inhabitants,Iceland,2014,0.61,
ESTAT:CRIM_OFF_CAT(1.0),23/04/24 23:00:00,Annual,Intentional homicide,Per hundred thousand inhabitants,Iceland,2015,0.91,
ESTAT:CRIM_OFF_CAT(1.0),23/04/24 23:00:00,Annual,Intentional homicide,Per hundred thousand inhabitants,Iceland,2016,0.30,
ESTAT:CRIM_OFF_CAT(1.0),23/04/24 23:00:00,Annual,Intentional homicide,Per hundred thousand inhabitants,Iceland,2017,0.89,
ESTAT:CRIM_OFF_CAT(1.0),23/04/24 23:00:00,Annual,Intentional homicide,Per hundred thousand inhabitants,Iceland,2018,0.57,
ESTAT:CRIM_OFF_CAT(1.0),23/04/24 23:00:00,Annual,Intentional homicide,Per hundred thousand inhabitants,Iceland,2019,0.28,
ESTAT:CRIM_OFF_CAT(1.0),23/04/24 23:00:00,Annual,Intentional homicide,Per hundred thousand inhabitants,Iceland,2020,0.82,
ESTAT:CRIM_OFF_CAT(1.0),23/04/24 23:00:00,Annual,Intentional homicide,Per hundred thousand inhabitants,Iceland,2021,0.54,
ESTAT:CRIM_OFF_CAT(1.0),23/04/24 23:00:00,Annual,Intentional homicide,Per hundred thousand inhabitants,Iceland,2022,1.06,
ESTAT:CRIM_OFF_CAT(1.0),23/04/24 23:00:00,Annual,Intentional homicide,Per hundred thousand inhabitants,Italy,2008,1.05,
ESTAT:CRIM_OFF_CAT(1.0),23/04/24 23:00:00,Annual,Intentional homicide,Per hundred thousand inhabitants,Italy,2009,1.00,
ESTAT:CRIM_OFF_CAT(1.0),23/04/24 23:00:00,Annual,Intentional homicide,Per hundred thousand inhabitants,Italy,2010,0.89,
ESTAT:CRIM_OFF_CAT(1.0),23/04/24 23:00:00,Annual,Intentional homicide,Per hundred thousand inhabitants,Italy,2011,0.93,
ESTAT:CRIM_OFF_CAT(1.0),23/04/24 23:00:00,Annual,Intentional homicide,Per hundred thousand inhabitants,Italy,2012,0.89,
ESTAT:CRIM_OFF_CAT(1.0),23/04/24 23:00:00,Annual,Intentional homicide,Per hundred thousand inhabitants,Italy,2013,0.85,
ESTAT:CRIM_OFF_CAT(1.0),23/04/24 23:00:00,Annual,Intentional homicide,Per hundred thousand inhabitants,Italy,2014,0.80,
ESTAT:CRIM_OFF_CAT(1.0),23/04/24 23:00:00,Annual,Intentional homicide,Per hundred thousand inhabitants,Italy,2015,0.77,
ESTAT:CRIM_OFF_CAT(1.0),23/04/24 23:00:00,Annual,Intentional homicide,Per hundred thousand inhabitants,Italy,2016,0.67,
ESTAT:CRIM_OFF_CAT(1.0),23/04/24 23:00:00,Annual,Intentional homicide,Per hundred thousand inhabitants,Italy,2017,0.62,
ESTAT:CRIM_OFF_CAT(1.0),23/04/24 23:00:00,Annual,Intentional homicide,Per hundred thousand inhabitants,Italy,2018,0.59,
ESTAT:CRIM_OFF_CAT(1.0),23/04/24 23:00:00,Annual,Intentional homicide,Per hundred thousand inhabitants,Italy,2019,0.53,
ESTAT:CRIM_OFF_CAT(1.0),23/04/24 23:00:00,Annual,Intentional homicide,Per hundred thousand inhabitants,Italy,2020,0.48,
ESTAT:CRIM_OFF_CAT(1.0),23/04/24 23:00:00,Annual,Intentional homicide,Per hundred thousand inhabitants,Italy,2021,0.51,
ESTAT:CRIM_OFF_CAT(1.0),23/04/24 23:00:00,Annual,Intentional homicide,Per hundred thousand inhabitants,Italy,2022,0.55,
ESTAT:CRIM_OFF_CAT(1.0),23/04/24 23:00:00,Annual,Intentional homicide,Per hundred thousand inhabitants,Liechtenstein,2008,2.83,
ESTAT:CRIM_OFF_CAT(1.0),23/04/24 23:00:00,Annual,Intentional homicide,Per hundred thousand inhabitants,Liechtenstein,2009,0.00,
ESTAT:CRIM_OFF_CAT(1.0),23/04/24 23:00:00,Annual,Intentional homicide,Per hundred thousand inhabitants,Liechtenstein,2010,2.79,
ESTAT:CRIM_OFF_CAT(1.0),23/04/24 23:00:00,Annual,Intentional homicide,Per hundred thousand inhabitants,Liechtenstein,2011,0.00,
ESTAT:CRIM_OFF_CAT(1.0),23/04/24 23:00:00,Annual,Intentional homicide,Per hundred thousand inhabitants,Liechtenstein,2012,0.00,
ESTAT:CRIM_OFF_CAT(1.0),23/04/24 23:00:00,Annual,Intentional homicide,Per hundred thousand inhabitants,Liechtenstein,2013,0.00,
ESTAT:CRIM_OFF_CAT(1.0),23/04/24 23:00:00,Annual,Intentional homicide,Per hundred thousand inhabitants,Liechtenstein,2014,2.69,
ESTAT:CRIM_OFF_CAT(1.0),23/04/24 23:00:00,Annual,Intentional homicide,Per hundred thousand inhabitants,Liechtenstein,2015,0.00,
ESTAT:CRIM_OFF_CAT(1.0),23/04/24 23:00:00,Annual,Intentional homicide,Per hundred thousand inhabitants,Liechtenstein,2016,0.00,
ESTAT:CRIM_OFF_CAT(1.0),23/04/24 23:00:00,Annual,Intentional homicide,Per hundred thousand inhabitants,Liechtenstein,2017,2.64,
ESTAT:CRIM_OFF_CAT(1.0),23/04/24 23:00:00,Annual,Intentional homicide,Per hundred thousand inhabitants,Liechtenstein,2018,2.62,
ESTAT:CRIM_OFF_CAT(1.0),23/04/24 23:00:00,Annual,Intentional homicide,Per hundred thousand inhabitants,Liechtenstein,2019,0.00,
ESTAT:CRIM_OFF_CAT(1.0),23/04/24 23:00:00,Annual,Intentional homicide,Per hundred thousand inhabitants,Liechtenstein,2020,2.58,
ESTAT:CRIM_OFF_CAT(1.0),23/04/24 23:00:00,Annual,Intentional homicide,Per hundred thousand inhabitants,Liechtenstein,2022,0.00,
ESTAT:CRIM_OFF_CAT(1.0),23/04/24 23:00:00,Annual,Intentional homicide,Per hundred thousand inhabitants,Lithuania,2008,8.90,
ESTAT:CRIM_OFF_CAT(1.0),23/04/24 23:00:00,Annual,Intentional homicide,Per hundred thousand inhabitants,Lithuania,2009,7.54,
ESTAT:CRIM_OFF_CAT(1.0),23/04/24 23:00:00,Annual,Intentional homicide,Per hundred thousand inhabitants,Lithuania,2010,6.33,
ESTAT:CRIM_OFF_CAT(1.0),23/04/24 23:00:00,Annual,Intentional homicide,Per hundred thousand inhabitants,Lithuania,2011,6.19,
ESTAT:CRIM_OFF_CAT(1.0),23/04/24 23:00:00,Annual,Intentional homicide,Per hundred thousand inhabitants,Lithuania,2012,6.03,
ESTAT:CRIM_OFF_CAT(1.0),23/04/24 23:00:00,Annual,Intentional homicide,Per hundred thousand inhabitants,Lithuania,2013,5.79,
ESTAT:CRIM_OFF_CAT(1.0),23/04/24 23:00:00,Annual,Intentional homicide,Per hundred thousand inhabitants,Lithuania,2014,5.27,
ESTAT:CRIM_OFF_CAT(1.0),23/04/24 23:00:00,Annual,Intentional homicide,Per hundred thousand inhabitants,Lithuania,2015,5.75,
ESTAT:CRIM_OFF_CAT(1.0),23/04/24 23:00:00,Annual,Intentional homicide,Per hundred thousand inhabitants,Lithuania,2016,4.92,
ESTAT:CRIM_OFF_CAT(1.0),23/04/24 23:00:00,Annual,Intentional homicide,Per hundred thousand inhabitants,Lithuania,2017,3.97,
ESTAT:CRIM_OFF_CAT(1.0),23/04/24 23:00:00,Annual,Intentional homicide,Per hundred thousand inhabitants,Lithuania,2018,3.45,
ESTAT:CRIM_OFF_CAT(1.0),23/04/24 23:00:00,Annual,Intentional homicide,Per hundred thousand inhabitants,Lithuania,2019,3.01,
ESTAT:CRIM_OFF_CAT(1.0),23/04/24 23:00:00,Annual,Intentional homicide,Per hundred thousand inhabitants,Lithuania,2020,3.54,
ESTAT:CRIM_OFF_CAT(1.0),23/04/24 23:00:00,Annual,Intentional homicide,Per hundred thousand inhabitants,Lithuania,2021,2.50,
ESTAT:CRIM_OFF_CAT(1.0),23/04/24 23:00:00,Annual,Intentional homicide,Per hundred thousand inhabitants,Lithuania,2022,2.21,
ESTAT:CRIM_OFF_CAT(1.0),23/04/24 23:00:00,Annual,Intentional homicide,Per hundred thousand inhabitants,Luxembourg,2008,1.45,
ESTAT:CRIM_OFF_CAT(1.0),23/04/24 23:00:00,Annual,Intentional homicide,Per hundred thousand inhabitants,Luxembourg,2009,1.01,
ESTAT:CRIM_OFF_CAT(1.0),23/04/24 23:00:00,Annual,Intentional homicide,Per hundred thousand inhabitants,Luxembourg,2010,1.59,
ESTAT:CRIM_OFF_CAT(1.0),23/04/24 23:00:00,Annual,Intentional homicide,Per hundred thousand inhabitants,Luxembourg,2011,0.78,
ESTAT:CRIM_OFF_CAT(1.0),23/04/24 23:00:00,Annual,Intentional homicide,Per hundred thousand inhabitants,Luxembourg,2012,0.57,
ESTAT:CRIM_OFF_CAT(1.0),23/04/24 23:00:00,Annual,Intentional homicide,Per hundred thousand inhabitants,Luxembourg,2013,0.37,
ESTAT:CRIM_OFF_CAT(1.0),23/04/24 23:00:00,Annual,Intentional homicide,Per hundred thousand inhabitants,Luxembourg,2014,0.73,
ESTAT:CRIM_OFF_CAT(1.0),23/04/24 23:00:00,Annual,Intentional homicide,Per hundred thousand inhabitants,Luxembourg,2015,0.89,
ESTAT:CRIM_OFF_CAT(1.0),23/04/24 23:00:00,Annual,Intentional homicide,Per hundred thousand inhabitants,Luxembourg,2016,0.87,
ESTAT:CRIM_OFF_CAT(1.0),23/04/24 23:00:00,Annual,Intentional homicide,Per hundred thousand inhabitants,Luxembourg,2017,0.34,
ESTAT:CRIM_OFF_CAT(1.0),23/04/24 23:00:00,Annual,Intentional homicide,Per hundred thousand inhabitants,Luxembourg,2018,0.50,
ESTAT:CRIM_OFF_CAT(1.0),23/04/24 23:00:00,Annual,Intentional homicide,Per hundred thousand inhabitants,Luxembourg,2019,0.65,
ESTAT:CRIM_OFF_CAT(1.0),23/04/24 23:00:00,Annual,Intentional homicide,Per hundred thousand inhabitants,Luxembourg,2020,0.32,
ESTAT:CRIM_OFF_CAT(1.0),23/04/24 23:00:00,Annual,Intentional homicide,Per hundred thousand inhabitants,Luxembourg,2021,0.47,
ESTAT:CRIM_OFF_CAT(1.0),23/04/24 23:00:00,Annual,Intentional homicide,Per hundred thousand inhabitants,Luxembourg,2022,1.39,
ESTAT:CRIM_OFF_CAT(1.0),23/04/24 23:00:00,Annual,Intentional homicide,Per hundred thousand inhabitants,Latvia,2008,4.52,
ESTAT:CRIM_OFF_CAT(1.0),23/04/24 23:00:00,Annual,Intentional homicide,Per hundred thousand inhabitants,Latvia,2009,4.99,
ESTAT:CRIM_OFF_CAT(1.0),23/04/24 23:00:00,Annual,Intentional homicide,Per hundred thousand inhabitants,Latvia,2010,3.30,
ESTAT:CRIM_OFF_CAT(1.0),23/04/24 23:00:00,Annual,Intentional homicide,Per hundred thousand inhabitants,Latvia,2011,3.33,
ESTAT:CRIM_OFF_CAT(1.0),23/04/24 23:00:00,Annual,Intentional homicide,Per hundred thousand inhabitants,Latvia,2012,4.74,
ESTAT:CRIM_OFF_CAT(1.0),23/04/24 23:00:00,Annual,Intentional homicide,Per hundred thousand inhabitants,Latvia,2013,3.41,
ESTAT:CRIM_OFF_CAT(1.0),23/04/24 23:00:00,Annual,Intentional homicide,Per hundred thousand inhabitants,Latvia,2014,3.85,
ESTAT:CRIM_OFF_CAT(1.0),23/04/24 23:00:00,Annual,Intentional homicide,Per hundred thousand inhabitants,Latvia,2015,4.08,
ESTAT:CRIM_OFF_CAT(1.0),23/04/24 23:00:00,Annual,Intentional homicide,Per hundred thousand inhabitants,Latvia,2016,5.64,
ESTAT:CRIM_OFF_CAT(1.0),23/04/24 23:00:00,Annual,Intentional homicide,Per hundred thousand inhabitants,Latvia,2017,5.59,
ESTAT:CRIM_OFF_CAT(1.0),23/04/24 23:00:00,Annual,Intentional homicide,Per hundred thousand inhabitants,Latvia,2018,5.22,
ESTAT:CRIM_OFF_CAT(1.0),23/04/24 23:00:00,Annual,Intentional homicide,Per hundred thousand inhabitants,Latvia,2019,4.74,
ESTAT:CRIM_OFF_CAT(1.0),23/04/24 23:00:00,Annual,Intentional homicide,Per hundred thousand inhabitants,Latvia,2020,4.88,
ESTAT:CRIM_OFF_CAT(1.0),23/04/24 23:00:00,Annual,Intentional homicide,Per hundred thousand inhabitants,Latvia,2021,5.18,
ESTAT:CRIM_OFF_CAT(1.0),23/04/24 23:00:00,Annual,Intentional homicide,Per hundred thousand inhabitants,Latvia,2022,4.05,
ESTAT:CRIM_OFF_CAT(1.0),23/04/24 23:00:00,Annual,Intentional homicide,Per hundred thousand inhabitants,Montenegro,2008,3.57,
ESTAT:CRIM_OFF_CAT(1.0),23/04/24 23:00:00,Annual,Intentional homicide,Per hundred thousand inhabitants,Montenegro,2009,1.62,
ESTAT:CRIM_OFF_CAT(1.0),23/04/24 23:00:00,Annual,Intentional homicide,Per hundred thousand inhabitants,Montenegro,2010,2.10,
ESTAT:CRIM_OFF_CAT(1.0),23/04/24 23:00:00,Annual,Intentional homicide,Per hundred thousand inhabitants,Montenegro,2011,3.07,
ESTAT:CRIM_OFF_CAT(1.0),23/04/24 23:00:00,Annual,Intentional homicide,Per hundred thousand inhabitants,Montenegro,2012,2.42,
ESTAT:CRIM_OFF_CAT(1.0),23/04/24 23:00:00,Annual,Intentional homicide,Per hundred thousand inhabitants,Montenegro,2013,1.45,
ESTAT:CRIM_OFF_CAT(1.0),23/04/24 23:00:00,Annual,Intentional homicide,Per hundred thousand inhabitants,Montenegro,2014,3.06,
ESTAT:CRIM_OFF_CAT(1.0),23/04/24 23:00:00,Annual,Intentional homicide,Per hundred thousand inhabitants,Montenegro,2015,2.73,
ESTAT:CRIM_OFF_CAT(1.0),23/04/24 23:00:00,Annual,Intentional homicide,Per hundred thousand inhabitants,Montenegro,2016,3.86,
ESTAT:CRIM_OFF_CAT(1.0),23/04/24 23:00:00,Annual,Intentional homicide,Per hundred thousand inhabitants,Montenegro,2017,1.77,
ESTAT:CRIM_OFF_CAT(1.0),23/04/24 23:00:00,Annual,Intentional homicide,Per hundred thousand inhabitants,Montenegro,2018,2.09,
ESTAT:CRIM_OFF_CAT(1.0),23/04/24 23:00:00,Annual,Intentional homicide,Per hundred thousand inhabitants,Montenegro,2019,3.38,
ESTAT:CRIM_OFF_CAT(1.0),23/04/24 23:00:00,Annual,Intentional homicide,Per hundred thousand inhabitants,Montenegro,2020,2.57,
ESTAT:CRIM_OFF_CAT(1.0),23/04/24 23:00:00,Annual,Intentional homicide,Per hundred thousand inhabitants,Montenegro,2021,2.26,
ESTAT:CRIM_OFF_CAT(1.0),23/04/24 23:00:00,Annual,Intentional homicide,Per hundred thousand inhabitants,Montenegro,2022,1.13,
ESTAT:CRIM_OFF_CAT(1.0),23/04/24 23:00:00,Annual,Intentional homicide,Per hundred thousand inhabitants,North Macedonia,2008,1.71,
ESTAT:CRIM_OFF_CAT(1.0),23/04/24 23:00:00,Annual,Intentional homicide,Per hundred thousand inhabitants,North Macedonia,2009,1.71,
ESTAT:CRIM_OFF_CAT(1.0),23/04/24 23:00:00,Annual,Intentional homicide,Per hundred thousand inhabitants,North Macedonia,2010,1.90,
ESTAT:CRIM_OFF_CAT(1.0),23/04/24 23:00:00,Annual,Intentional homicide,Per hundred thousand inhabitants,North Macedonia,2011,1.31,
ESTAT:CRIM_OFF_CAT(1.0),23/04/24 23:00:00,Annual,Intentional homicide,Per hundred thousand inhabitants,North Macedonia,2012,1.36,
ESTAT:CRIM_OFF_CAT(1.0),23/04/24 23:00:00,Annual,Intentional homicide,Per hundred thousand inhabitants,North Macedonia,2013,0.97,
ESTAT:CRIM_OFF_CAT(1.0),23/04/24 23:00:00,Annual,Intentional homicide,Per hundred thousand inhabitants,North Macedonia,2014,1.21,
ESTAT:CRIM_OFF_CAT(1.0),23/04/24 23:00:00,Annual,Intentional homicide,Per hundred thousand inhabitants,North Macedonia,2015,1.01,
ESTAT:CRIM_OFF_CAT(1.0),23/04/24 23:00:00,Annual,Intentional homicide,Per hundred thousand inhabitants,North Macedonia,2016,0.82,
ESTAT:CRIM_OFF_CAT(1.0),23/04/24 23:00:00,Annual,Intentional homicide,Per hundred thousand inhabitants,North Macedonia,2017,1.21,
ESTAT:CRIM_OFF_CAT(1.0),23/04/24 23:00:00,Annual,Intentional homicide,Per hundred thousand inhabitants,North Macedonia,2019,1.06,
ESTAT:CRIM_OFF_CAT(1.0),23/04/24 23:00:00,Annual,Intentional homicide,Per hundred thousand inhabitants,North Macedonia,2020,0.48,
ESTAT:CRIM_OFF_CAT(1.0),23/04/24 23:00:00,Annual,Intentional homicide,Per hundred thousand inhabitants,North Macedonia,2021,0.63,
ESTAT:CRIM_OFF_CAT(1.0),23/04/24 23:00:00,Annual,Intentional homicide,Per hundred thousand inhabitants,North Macedonia,2022,0.98,
ESTAT:CRIM_OFF_CAT(1.0),23/04/24 23:00:00,Annual,Intentional homicide,Per hundred thousand inhabitants,Malta,2008,1.47,
ESTAT:CRIM_OFF_CAT(1.0),23/04/24 23:00:00,Annual,Intentional homicide,Per hundred thousand inhabitants,Malta,2009,0.97,
ESTAT:CRIM_OFF_CAT(1.0),23/04/24 23:00:00,Annual,Intentional homicide,Per hundred thousand inhabitants,Malta,2010,0.97,
ESTAT:CRIM_OFF_CAT(1.0),23/04/24 23:00:00,Annual,Intentional homicide,Per hundred thousand inhabitants,Malta,2011,0.72,
ESTAT:CRIM_OFF_CAT(1.0),23/04/24 23:00:00,Annual,Intentional homicide,Per hundred thousand inhabitants,Malta,2012,2.39,
ESTAT:CRIM_OFF_CAT(1.0),23/04/24 23:00:00,Annual,Intentional homicide,Per hundred thousand inhabitants,Malta,2013,1.42,
ESTAT:CRIM_OFF_CAT(1.0),23/04/24 23:00:00,Annual,Intentional homicide,Per hundred thousand inhabitants,Malta,2014,1.41,
ESTAT:CRIM_OFF_CAT(1.0),23/04/24 23:00:00,Annual,Intentional homicide,Per hundred thousand inhabitants,Malta,2015,0.93,
ESTAT:CRIM_OFF_CAT(1.0),23/04/24 23:00:00,Annual,Intentional homicide,Per hundred thousand inhabitants,Malta,2016,1.11,
ESTAT:CRIM_OFF_CAT(1.0),23/04/24 23:00:00,Annual,Intentional homicide,Per hundred thousand inhabitants,Malta,2017,1.96,
ESTAT:CRIM_OFF_CAT(1.0),23/04/24 23:00:00,Annual,Intentional homicide,Per hundred thousand inhabitants,Malta,2018,1.26,
ESTAT:CRIM_OFF_CAT(1.0),23/04/24 23:00:00,Annual,Intentional homicide,Per hundred thousand inhabitants,Malta,2019,0.81,
ESTAT:CRIM_OFF_CAT(1.0),23/04/24 23:00:00,Annual,Intentional homicide,Per hundred thousand inhabitants,Malta,2020,1.17,
ESTAT:CRIM_OFF_CAT(1.0),23/04/24 23:00:00,Annual,Intentional homicide,Per hundred thousand inhabitants,Malta,2021,0.39,
ESTAT:CRIM_OFF_CAT(1.0),23/04/24 23:00:00,Annual,Intentional homicide,Per hundred thousand inhabitants,Malta,2022,1.54,
ESTAT:CRIM_OFF_CAT(1.0),23/04/24 23:00:00,Annual,Intentional homicide,Per hundred thousand inhabitants,Netherlands,2008,0.91,
ESTAT:CRIM_OFF_CAT(1.0),23/04/24 23:00:00,Annual,Intentional homicide,Per hundred thousand inhabitants,Netherlands,2009,0.93,
ESTAT:CRIM_OFF_CAT(1.0),23/04/24 23:00:00,Annual,Intentional homicide,Per hundred thousand inhabitants,Netherlands,2013,0.88,
ESTAT:CRIM_OFF_CAT(1.0),23/04/24 23:00:00,Annual,Intentional homicide,Per hundred thousand inhabitants,Netherlands,2014,0.86,
ESTAT:CRIM_OFF_CAT(1.0),23/04/24 23:00:00,Annual,Intentional homicide,Per hundred thousand inhabitants,Netherlands,2015,0.71,
ESTAT:CRIM_OFF_CAT(1.0),23/04/24 23:00:00,Annual,Intentional homicide,Per hundred thousand inhabitants,Netherlands,2016,0.64,
ESTAT:CRIM_OFF_CAT(1.0),23/04/24 23:00:00,Annual,Intentional homicide,Per hundred thousand inhabitants,Netherlands,2017,0.92,
ESTAT:CRIM_OFF_CAT(1.0),23/04/24 23:00:00,Annual,Intentional homicide,Per hundred thousand inhabitants,Netherlands,2018,0.69,
ESTAT:CRIM_OFF_CAT(1.0),23/04/24 23:00:00,Annual,Intentional homicide,Per hundred thousand inhabitants,Netherlands,2019,0.72,
ESTAT:CRIM_OFF_CAT(1.0),23/04/24 23:00:00,Annual,Intentional homicide,Per hundred thousand inhabitants,Netherlands,2020,0.70,
ESTAT:CRIM_OFF_CAT(1.0),23/04/24 23:00:00,Annual,Intentional homicide,Per hundred thousand inhabitants,Netherlands,2021,0.72,
ESTAT:CRIM_OFF_CAT(1.0),23/04/24 23:00:00,Annual,Intentional homicide,Per hundred thousand inhabitants,Netherlands,2022,0.81,
ESTAT:CRIM_OFF_CAT(1.0),23/04/24 23:00:00,Annual,Intentional homicide,Per hundred thousand inhabitants,Norway,2008,0.72,
ESTAT:CRIM_OFF_CAT(1.0),23/04/24 23:00:00,Annual,Intentional homicide,Per hundred thousand inhabitants,Norway,2009,0.60,
ESTAT:CRIM_OFF_CAT(1.0),23/04/24 23:00:00,Annual,Intentional homicide,Per hundred thousand inhabitants,Norway,2010,0.60,
ESTAT:CRIM_OFF_CAT(1.0),23/04/24 23:00:00,Annual,Intentional homicide,Per hundred thousand inhabitants,Norway,2011,2.26,
ESTAT:CRIM_OFF_CAT(1.0),23/04/24 23:00:00,Annual,Intentional homicide,Per hundred thousand inhabitants,Norway,2012,0.54,
ESTAT:CRIM_OFF_CAT(1.0),23/04/24 23:00:00,Annual,Intentional homicide,Per hundred thousand inhabitants,Norway,2013,0.93,
ESTAT:CRIM_OFF_CAT(1.0),23/04/24 23:00:00,Annual,Intentional homicide,Per hundred thousand inhabitants,Norway,2014,0.57,
ESTAT:CRIM_OFF_CAT(1.0),23/04/24 23:00:00,Annual,Intentional homicide,Per hundred thousand inhabitants,Norway,2015,0.46,
ESTAT:CRIM_OFF_CAT(1.0),23/04/24 23:00:00,Annual,Intentional homicide,Per hundred thousand inhabitants,Norway,2016,0.52,
ESTAT:CRIM_OFF_CAT(1.0),23/04/24 23:00:00,Annual,Intentional homicide,Per hundred thousand inhabitants,Norway,2017,0.53,
ESTAT:CRIM_OFF_CAT(1.0),23/04/24 23:00:00,Annual,Intentional homicide,Per hundred thousand inhabitants,Norway,2018,0.47,
ESTAT:CRIM_OFF_CAT(1.0),23/04/24 23:00:00,Annual,Intentional homicide,Per hundred thousand inhabitants,Norway,2019,0.53,
ESTAT:CRIM_OFF_CAT(1.0),23/04/24 23:00:00,Annual,Intentional homicide,Per hundred thousand inhabitants,Norway,2020,0.58,
ESTAT:CRIM_OFF_CAT(1.0),23/04/24 23:00:00,Annual,Intentional homicide,Per hundred thousand inhabitants,Norway,2021,0.54,
ESTAT:CRIM_OFF_CAT(1.0),23/04/24 23:00:00,Annual,Intentional homicide,Per hundred thousand inhabitants,Norway,2022,0.55,
ESTAT:CRIM_OFF_CAT(1.0),23/04/24 23:00:00,Annual,Intentional homicide,Per hundred thousand inhabitants,Poland,2008,1.21,
ESTAT:CRIM_OFF_CAT(1.0),23/04/24 23:00:00,Annual,Intentional homicide,Per hundred thousand inhabitants,Poland,2009,1.29,
ESTAT:CRIM_OFF_CAT(1.0),23/04/24 23:00:00,Annual,Intentional homicide,Per hundred thousand inhabitants,Poland,2010,1.15,
ESTAT:CRIM_OFF_CAT(1.0),23/04/24 23:00:00,Annual,Intentional homicide,Per hundred thousand inhabitants,Poland,2011,1.18,
ESTAT:CRIM_OFF_CAT(1.0),23/04/24 23:00:00,Annual,Intentional homicide,Per hundred thousand inhabitants,Poland,2012,0.99,
ESTAT:CRIM_OFF_CAT(1.0),23/04/24 23:00:00,Annual,Intentional homicide,Per hundred thousand inhabitants,Poland,2013,0.78,
ESTAT:CRIM_OFF_CAT(1.0),23/04/24 23:00:00,Annual,Intentional homicide,Per hundred thousand inhabitants,Poland,2014,0.74,
ESTAT:CRIM_OFF_CAT(1.0),23/04/24 23:00:00,Annual,Intentional homicide,Per hundred thousand inhabitants,Poland,2015,0.76,
ESTAT:CRIM_OFF_CAT(1.0),23/04/24 23:00:00,Annual,Intentional homicide,Per hundred thousand inhabitants,Poland,2016,0.67,
ESTAT:CRIM_OFF_CAT(1.0),23/04/24 23:00:00,Annual,Intentional homicide,Per hundred thousand inhabitants,Poland,2017,0.73,
ESTAT:CRIM_OFF_CAT(1.0),23/04/24 23:00:00,Annual,Intentional homicide,Per hundred thousand inhabitants,Poland,2018,0.70,
ESTAT:CRIM_OFF_CAT(1.0),23/04/24 23:00:00,Annual,Intentional homicide,Per hundred thousand inhabitants,Poland,2019,0.54,
ESTAT:CRIM_OFF_CAT(1.0),23/04/24 23:00:00,Annual,Intentional homicide,Per hundred thousand inhabitants,Poland,2020,0.69,
ESTAT:CRIM_OFF_CAT(1.0),23/04/24 23:00:00,Annual,Intentional homicide,Per hundred thousand inhabitants,Poland,2021,0.70,
ESTAT:CRIM_OFF_CAT(1.0),23/04/24 23:00:00,Annual,Intentional homicide,Per hundred thousand inhabitants,Poland,2022,0.69,
ESTAT:CRIM_OFF_CAT(1.0),23/04/24 23:00:00,Annual,Intentional homicide,Per hundred thousand inhabitants,Portugal,2008,1.17,
ESTAT:CRIM_OFF_CAT(1.0),23/04/24 23:00:00,Annual,Intentional homicide,Per hundred thousand inhabitants,Portugal,2009,1.23,
ESTAT:CRIM_OFF_CAT(1.0),23/04/24 23:00:00,Annual,Intentional homicide,Per hundred thousand inhabitants,Portugal,2010,1.17,
ESTAT:CRIM_OFF_CAT(1.0),23/04/24 23:00:00,Annual,Intentional homicide,Per hundred thousand inhabitants,Portugal,2011,1.08,
ESTAT:CRIM_OFF_CAT(1.0),23/04/24 23:00:00,Annual,Intentional homicide,Per hundred thousand inhabitants,Portugal,2012,1.16,
ESTAT:CRIM_OFF_CAT(1.0),23/04/24 23:00:00,Annual,Intentional homicide,Per hundred thousand inhabitants,Portugal,2013,1.37,
ESTAT:CRIM_OFF_CAT(1.0),23/04/24 23:00:00,Annual,Intentional homicide,Per hundred thousand inhabitants,Portugal,2014,0.88,
ESTAT:CRIM_OFF_CAT(1.0),23/04/24 23:00:00,Annual,Intentional homicide,Per hundred thousand inhabitants,Portugal,2015,0.96,
ESTAT:CRIM_OFF_CAT(1.0),23/04/24 23:00:00,Annual,Intentional homicide,Per hundred thousand inhabitants,Portugal,2016,0.64,
ESTAT:CRIM_OFF_CAT(1.0),23/04/24 23:00:00,Annual,Intentional homicide,Per hundred thousand inhabitants,Portugal,2017,0.74,
ESTAT:CRIM_OFF_CAT(1.0),23/04/24 23:00:00,Annual,Intentional homicide,Per hundred thousand inhabitants,Portugal,2018,0.79,
ESTAT:CRIM_OFF_CAT(1.0),23/04/24 23:00:00,Annual,Intentional homicide,Per hundred thousand inhabitants,Portugal,2019,0.71,
ESTAT:CRIM_OFF_CAT(1.0),23/04/24 23:00:00,Annual,Intentional homicide,Per hundred thousand inhabitants,Portugal,2020,0.79,
ESTAT:CRIM_OFF_CAT(1.0),23/04/24 23:00:00,Annual,Intentional homicide,Per hundred thousand inhabitants,Portugal,2021,0.80,
ESTAT:CRIM_OFF_CAT(1.0),23/04/24 23:00:00,Annual,Intentional homicide,Per hundred thousand inhabitants,Portugal,2022,0.72,
ESTAT:CRIM_OFF_CAT(1.0),23/04/24 23:00:00,Annual,Intentional homicide,Per hundred thousand inhabitants,Romania,2008,2.28,
ESTAT:CRIM_OFF_CAT(1.0),23/04/24 23:00:00,Annual,Intentional homicide,Per hundred thousand inhabitants,Romania,2009,1.94,
ESTAT:CRIM_OFF_CAT(1.0),23/04/24 23:00:00,Annual,Intentional homicide,Per hundred thousand inhabitants,Romania,2010,1.88,
ESTAT:CRIM_OFF_CAT(1.0),23/04/24 23:00:00,Annual,Intentional homicide,Per hundred thousand inhabitants,Romania,2011,1.56,
ESTAT:CRIM_OFF_CAT(1.0),23/04/24 23:00:00,Annual,Intentional homicide,Per hundred thousand inhabitants,Romania,2012,1.88,
ESTAT:CRIM_OFF_CAT(1.0),23/04/24 23:00:00,Annual,Intentional homicide,Per hundred thousand inhabitants,Romania,2013,1.68,
ESTAT:CRIM_OFF_CAT(1.0),23/04/24 23:00:00,Annual,Intentional homicide,Per hundred thousand inhabitants,Romania,2014,1.49,
ESTAT:CRIM_OFF_CAT(1.0),23/04/24 23:00:00,Annual,Intentional homicide,Per hundred thousand inhabitants,Romania,2015,1.46,
ESTAT:CRIM_OFF_CAT(1.0),23/04/24 23:00:00,Annual,Intentional homicide,Per hundred thousand inhabitants,Romania,2016,1.25,
ESTAT:CRIM_OFF_CAT(1.0),23/04/24 23:00:00,Annual,Intentional homicide,Per hundred thousand inhabitants,Romania,2017,1.30,
ESTAT:CRIM_OFF_CAT(1.0),23/04/24 23:00:00,Annual,Intentional homicide,Per hundred thousand inhabitants,Romania,2018,1.37,
ESTAT:CRIM_OFF_CAT(1.0),23/04/24 23:00:00,Annual,Intentional homicide,Per hundred thousand inhabitants,Romania,2019,1.31,
ESTAT:CRIM_OFF_CAT(1.0),23/04/24 23:00:00,Annual,Intentional homicide,Per hundred thousand inhabitants,Romania,2020,1.32,
ESTAT:CRIM_OFF_CAT(1.0),23/04/24 23:00:00,Annual,Intentional homicide,Per hundred thousand inhabitants,Romania,2021,0.99,
ESTAT:CRIM_OFF_CAT(1.0),23/04/24 23:00:00,Annual,Intentional homicide,Per hundred thousand inhabitants,Romania,2022,0.91,
ESTAT:CRIM_OFF_CAT(1.0),23/04/24 23:00:00,Annual,Intentional homicide,Per hundred thousand inhabitants,Serbia,2008,1.74,
ESTAT:CRIM_OFF_CAT(1.0),23/04/24 23:00:00,Annual,Intentional homicide,Per hundred thousand inhabitants,Serbia,2009,1.85,
ESTAT:CRIM_OFF_CAT(1.0),23/04/24 23:00:00,Annual,Intentional homicide,Per hundred thousand inhabitants,Serbia,2010,1.56,
ESTAT:CRIM_OFF_CAT(1.0),23/04/24 23:00:00,Annual,Intentional homicide,Per hundred thousand inhabitants,Serbia,2011,1.57,
ESTAT:CRIM_OFF_CAT(1.0),23/04/24 23:00:00,Annual,Intentional homicide,Per hundred thousand inhabitants,Serbia,2012,1.44,
ESTAT:CRIM_OFF_CAT(1.0),23/04/24 23:00:00,Annual,Intentional homicide,Per hundred thousand inhabitants,Serbia,2013,1.84,
ESTAT:CRIM_OFF_CAT(1.0),23/04/24 23:00:00,Annual,Intentional homicide,Per hundred thousand inhabitants,Serbia,2014,1.60,
ESTAT:CRIM_OFF_CAT(1.0),23/04/24 23:00:00,Annual,Intentional homicide,Per hundred thousand inhabitants,Serbia,2015,1.35,
ESTAT:CRIM_OFF_CAT(1.0),23/04/24 23:00:00,Annual,Intentional homicide,Per hundred thousand inhabitants,Serbia,2016,1.50,
ESTAT:CRIM_OFF_CAT(1.0),23/04/24 23:00:00,Annual,Intentional homicide,Per hundred thousand inhabitants,Serbia,2017,1.12,
ESTAT:CRIM_OFF_CAT(1.0),23/04/24 23:00:00,Annual,Intentional homicide,Per hundred thousand inhabitants,Serbia,2018,1.49,
ESTAT:CRIM_OFF_CAT(1.0),23/04/24 23:00:00,Annual,Intentional homicide,Per hundred thousand inhabitants,Serbia,2019,1.15,
ESTAT:CRIM_OFF_CAT(1.0),23/04/24 23:00:00,Annual,Intentional homicide,Per hundred thousand inhabitants,Serbia,2020,1.10,
ESTAT:CRIM_OFF_CAT(1.0),23/04/24 23:00:00,Annual,Intentional homicide,Per hundred thousand inhabitants,Serbia,2021,1.06,
ESTAT:CRIM_OFF_CAT(1.0),23/04/24 23:00:00,Annual,Intentional homicide,Per hundred thousand inhabitants,Serbia,2022,1.03,
ESTAT:CRIM_OFF_CAT(1.0),23/04/24 23:00:00,Annual,Intentional homicide,Per hundred thousand inhabitants,Sweden,2008,0.89,
ESTAT:CRIM_OFF_CAT(1.0),23/04/24 23:00:00,Annual,Intentional homicide,Per hundred thousand inhabitants,Sweden,2009,1.00,
ESTAT:CRIM_OFF_CAT(1.0),23/04/24 23:00:00,Annual,Intentional homicide,Per hundred thousand inhabitants,Sweden,2010,0.97,
ESTAT:CRIM_OFF_CAT(1.0),23/04/24 23:00:00,Annual,Intentional homicide,Per hundred thousand inhabitants,Sweden,2011,0.86,
ESTAT:CRIM_OFF_CAT(1.0),23/04/24 23:00:00,Annual,Intentional homicide,Per hundred thousand inhabitants,Sweden,2012,0.72,
ESTAT:CRIM_OFF_CAT(1.0),23/04/24 23:00:00,Annual,Intentional homicide,Per hundred thousand inhabitants,Sweden,2013,0.91,
ESTAT:CRIM_OFF_CAT(1.0),23/04/24 23:00:00,Annual,Intentional homicide,Per hundred thousand inhabitants,Sweden,2014,0.90,
ESTAT:CRIM_OFF_CAT(1.0),23/04/24 23:00:00,Annual,Intentional homicide,Per hundred thousand inhabitants,Sweden,2015,1.15,
ESTAT:CRIM_OFF_CAT(1.0),23/04/24 23:00:00,Annual,Intentional homicide,Per hundred thousand inhabitants,Sweden,2016,1.08,
ESTAT:CRIM_OFF_CAT(1.0),23/04/24 23:00:00,Annual,Intentional homicide,Per hundred thousand inhabitants,Sweden,2017,1.13,
ESTAT:CRIM_OFF_CAT(1.0),23/04/24 23:00:00,Annual,Intentional homicide,Per hundred thousand inhabitants,Sweden,2018,1.07,
ESTAT:CRIM_OFF_CAT(1.0),23/04/24 23:00:00,Annual,Intentional homicide,Per hundred thousand inhabitants,Sweden,2019,1.09,
ESTAT:CRIM_OFF_CAT(1.0),23/04/24 23:00:00,Annual,Intentional homicide,Per hundred thousand inhabitants,Sweden,2020,1.20,
ESTAT:CRIM_OFF_CAT(1.0),23/04/24 23:00:00,Annual,Intentional homicide,Per hundred thousand inhabitants,Sweden,2021,1.09,
ESTAT:CRIM_OFF_CAT(1.0),23/04/24 23:00:00,Annual,Intentional homicide,Per hundred thousand inhabitants,Sweden,2022,1.11,
ESTAT:CRIM_OFF_CAT(1.0),23/04/24 23:00:00,Annual,Intentional homicide,Per hundred thousand inhabitants,Slovenia,2008,0.55,
ESTAT:CRIM_OFF_CAT(1.0),23/04/24 23:00:00,Annual,Intentional homicide,Per hundred thousand inhabitants,Slovenia,2009,0.64,
ESTAT:CRIM_OFF_CAT(1.0),23/04/24 23:00:00,Annual,Intentional homicide,Per hundred thousand inhabitants,Slovenia,2010,0.54,
ESTAT:CRIM_OFF_CAT(1.0),23/04/24 23:00:00,Annual,Intentional homicide,Per hundred thousand inhabitants,Slovenia,2011,0.83,
ESTAT:CRIM_OFF_CAT(1.0),23/04/24 23:00:00,Annual,Intentional homicide,Per hundred thousand inhabitants,Slovenia,2012,0.68,
ESTAT:CRIM_OFF_CAT(1.0),23/04/24 23:00:00,Annual,Intentional homicide,Per hundred thousand inhabitants,Slovenia,2013,0.58,
ESTAT:CRIM_OFF_CAT(1.0),23/04/24 23:00:00,Annual,Intentional homicide,Per hundred thousand inhabitants,Slovenia,2014,0.82,
ESTAT:CRIM_OFF_CAT(1.0),23/04/24 23:00:00,Annual,Intentional homicide,Per hundred thousand inhabitants,Slovenia,2015,0.97,
ESTAT:CRIM_OFF_CAT(1.0),23/04/24 23:00:00,Annual,Intentional homicide,Per hundred thousand inhabitants,Slovenia,2016,0.48,
ESTAT:CRIM_OFF_CAT(1.0),23/04/24 23:00:00,Annual,Intentional homicide,Per hundred thousand inhabitants,Slovenia,2017,0.92,
ESTAT:CRIM_OFF_CAT(1.0),23/04/24 23:00:00,Annual,Intentional homicide,Per hundred thousand inhabitants,Slovenia,2018,0.44,
ESTAT:CRIM_OFF_CAT(1.0),23/04/24 23:00:00,Annual,Intentional homicide,Per hundred thousand inhabitants,Slovenia,2019,0.67,
ESTAT:CRIM_OFF_CAT(1.0),23/04/24 23:00:00,Annual,Intentional homicide,Per hundred thousand inhabitants,Slovenia,2020,0.52,
ESTAT:CRIM_OFF_CAT(1.0),23/04/24 23:00:00,Annual,Intentional homicide,Per hundred thousand inhabitants,Slovenia,2021,0.43,
ESTAT:CRIM_OFF_CAT(1.0),23/04/24 23:00:00,Annual,Intentional homicide,Per hundred thousand inhabitants,Slovenia,2022,0.62,
ESTAT:CRIM_OFF_CAT(1.0),23/04/24 23:00:00,Annual,Intentional homicide,Per hundred thousand inhabitants,Slovakia,2008,1.75,
ESTAT:CRIM_OFF_CAT(1.0),23/04/24 23:00:00,Annual,Intentional homicide,Per hundred thousand inhabitants,Slovakia,2009,1.56,
ESTAT:CRIM_OFF_CAT(1.0),23/04/24 23:00:00,Annual,Intentional homicide,Per hundred thousand inhabitants,Slovakia,2010,1.65,
ESTAT:CRIM_OFF_CAT(1.0),23/04/24 23:00:00,Annual,Intentional homicide,Per hundred thousand inhabitants,Slovakia,2011,1.78,
ESTAT:CRIM_OFF_CAT(1.0),23/04/24 23:00:00,Annual,Intentional homicide,Per hundred thousand inhabitants,Slovakia,2012,1.39,
ESTAT:CRIM_OFF_CAT(1.0),23/04/24 23:00:00,Annual,Intentional homicide,Per hundred thousand inhabitants,Slovakia,2013,1.44,
ESTAT:CRIM_OFF_CAT(1.0),23/04/24 23:00:00,Annual,Intentional homicide,Per hundred thousand inhabitants,Slovakia,2014,1.33,
ESTAT:CRIM_OFF_CAT(1.0),23/04/24 23:00:00,Annual,Intentional homicide,Per hundred thousand inhabitants,Slovakia,2015,0.89,
ESTAT:CRIM_OFF_CAT(1.0),23/04/24 23:00:00,Annual,Intentional homicide,Per hundred thousand inhabitants,Slovakia,2016,1.11,
ESTAT:CRIM_OFF_CAT(1.0),23/04/24 23:00:00,Annual,Intentional homicide,Per hundred thousand inhabitants,Slovakia,2017,1.47,
ESTAT:CRIM_OFF_CAT(1.0),23/04/24 23:00:00,Annual,Intentional homicide,Per hundred thousand inhabitants,Slovakia,2018,1.23,
ESTAT:CRIM_OFF_CAT(1.0),23/04/24 23:00:00,Annual,Intentional homicide,Per hundred thousand inhabitants,Slovakia,2019,1.39,
ESTAT:CRIM_OFF_CAT(1.0),23/04/24 23:00:00,Annual,Intentional homicide,Per hundred thousand inhabitants,Slovakia,2020,1.15,
ESTAT:CRIM_OFF_CAT(1.0),23/04/24 23:00:00,Annual,Intentional homicide,Per hundred thousand inhabitants,Slovakia,2021,1.01,
ESTAT:CRIM_OFF_CAT(1.0),23/04/24 23:00:00,Annual,Intentional homicide,Per hundred thousand inhabitants,Slovakia,2022,0.77,
ESTAT:CRIM_OFF_CAT(1.0),23/04/24 23:00:00,Annual,Intentional homicide,Per hundred thousand inhabitants,Trkiye,2009,2.92,
ESTAT:CRIM_OFF_CAT(1.0),23/04/24 23:00:00,Annual,Intentional homicide,Per hundred thousand inhabitants,Trkiye,2010,2.43,
ESTAT:CRIM_OFF_CAT(1.0),23/04/24 23:00:00,Annual,Intentional homicide,Per hundred thousand inhabitants,Trkiye,2011,2.29,
ESTAT:CRIM_OFF_CAT(1.0),23/04/24 23:00:00,Annual,Intentional homicide,Per hundred thousand inhabitants,Trkiye,2012,2.42,
ESTAT:CRIM_OFF_CAT(1.0),23/04/24 23:00:00,Annual,Intentional homicide,Per hundred thousand inhabitants,Trkiye,2018,2.43,
ESTAT:CRIM_OFF_CAT(1.0),23/04/24 23:00:00,Annual,Intentional homicide,Per hundred thousand inhabitants,Trkiye,2019,2.24,
ESTAT:CRIM_OFF_CAT(1.0),23/04/24 23:00:00,Annual,Intentional homicide,Per hundred thousand inhabitants,Trkiye,2020,2.36,
ESTAT:CRIM_OFF_CAT(1.0),23/04/24 23:00:00,Annual,Intentional homicide,Per hundred thousand inhabitants,Trkiye,2021,2.35,
ESTAT:CRIM_OFF_CAT(1.0),23/04/24 23:00:00,Annual,Intentional homicide,Per hundred thousand inhabitants,Trkiye,2022,2.46,
ESTAT:CRIM_OFF_CAT(1.0),23/04/24 23:00:00,Annual,Intentional homicide,Per hundred thousand inhabitants,England and Wales,2008,1.17,
ESTAT:CRIM_OFF_CAT(1.0),23/04/24 23:00:00,Annual,Intentional homicide,Per hundred thousand inhabitants,England and Wales,2009,1.08,
ESTAT:CRIM_OFF_CAT(1.0),23/04/24 23:00:00,Annual,Intentional homicide,Per hundred thousand inhabitants,England and Wales,2010,1.14,
ESTAT:CRIM_OFF_CAT(1.0),23/04/24 23:00:00,Annual,Intentional homicide,Per hundred thousand inhabitants,England and Wales,2011,0.94,
ESTAT:CRIM_OFF_CAT(1.0),23/04/24 23:00:00,Annual,Intentional homicide,Per hundred thousand inhabitants,England and Wales,2012,0.97,
ESTAT:CRIM_OFF_CAT(1.0),23/04/24 23:00:00,Annual,Intentional homicide,Per hundred thousand inhabitants,England and Wales,2013,0.92,
ESTAT:CRIM_OFF_CAT(1.0),23/04/24 23:00:00,Annual,Intentional homicide,Per hundred thousand inhabitants,England and Wales,2014,0.89,
ESTAT:CRIM_OFF_CAT(1.0),23/04/24 23:00:00,Annual,Intentional homicide,Per hundred thousand inhabitants,England and Wales,2015,0.95,
ESTAT:CRIM_OFF_CAT(1.0),23/04/24 23:00:00,Annual,Intentional homicide,Per hundred thousand inhabitants,England and Wales,2016,1.16,
ESTAT:CRIM_OFF_CAT(1.0),23/04/24 23:00:00,Annual,Intentional homicide,Per hundred thousand inhabitants,England and Wales,2017,1.20,
ESTAT:CRIM_OFF_CAT(1.0),23/04/24 23:00:00,Annual,Intentional homicide,Per hundred thousand inhabitants,England and Wales,2018,1.14,
ESTAT:CRIM_OFF_CAT(1.0),23/04/24 23:00:00,Annual,Intentional homicide,Per hundred thousand inhabitants,Scotland (NUTS 2021),2008,1.83,
ESTAT:CRIM_OFF_CAT(1.0),23/04/24 23:00:00,Annual,Intentional homicide,Per hundred thousand inhabitants,Scotland (NUTS 2021),2009,1.61,
ESTAT:CRIM_OFF_CAT(1.0),23/04/24 23:00:00,Annual,Intentional homicide,Per hundred thousand inhabitants,Scotland (NUTS 2021),2010,1.91,
ESTAT:CRIM_OFF_CAT(1.0),23/04/24 23:00:00,Annual,Intentional homicide,Per hundred thousand inhabitants,Scotland (NUTS 2021),2011,1.76,
ESTAT:CRIM_OFF_CAT(1.0),23/04/24 23:00:00,Annual,Intentional homicide,Per hundred thousand inhabitants,Scotland (NUTS 2021),2012,1.19,
ESTAT:CRIM_OFF_CAT(1.0),23/04/24 23:00:00,Annual,Intentional homicide,Per hundred thousand inhabitants,Scotland (NUTS 2021),2013,1.15,
ESTAT:CRIM_OFF_CAT(1.0),23/04/24 23:00:00,Annual,Intentional homicide,Per hundred thousand inhabitants,Scotland (NUTS 2021),2014,1.16,
ESTAT:CRIM_OFF_CAT(1.0),23/04/24 23:00:00,Annual,Intentional homicide,Per hundred thousand inhabitants,Scotland (NUTS 2021),2015,1.10,
ESTAT:CRIM_OFF_CAT(1.0),23/04/24 23:00:00,Annual,Intentional homicide,Per hundred thousand inhabitants,Scotland (NUTS 2021),2016,1.15,
ESTAT:CRIM_OFF_CAT(1.0),23/04/24 23:00:00,Annual,Intentional homicide,Per hundred thousand inhabitants,Scotland (NUTS 2021),2017,1.09,
ESTAT:CRIM_OFF_CAT(1.0),23/04/24 23:00:00,Annual,Intentional homicide,Per hundred thousand inhabitants,Scotland (NUTS 2021),2018,1.10,
ESTAT:CRIM_OFF_CAT(1.0),23/04/24 23:00:00,Annual,Intentional homicide,Per hundred thousand inhabitants,Northern Ireland (UK) (NUTS 2021),2008,1.36,
ESTAT:CRIM_OFF_CAT(1.0),23/04/24 23:00:00,Annual,Intentional homicide,Per hundred thousand inhabitants,Northern Ireland (UK) (NUTS 2021),2009,1.62,
ESTAT:CRIM_OFF_CAT(1.0),23/04/24 23:00:00,Annual,Intentional homicide,Per hundred thousand inhabitants,Northern Ireland (UK) (NUTS 2021),2010,1.28,
ESTAT:CRIM_OFF_CAT(1.0),23/04/24 23:00:00,Annual,Intentional homicide,Per hundred thousand inhabitants,Northern Ireland (UK) (NUTS 2021),2011,1.27,
ESTAT:CRIM_OFF_CAT(1.0),23/04/24 23:00:00,Annual,Intentional homicide,Per hundred thousand inhabitants,Northern Ireland (UK) (NUTS 2021),2012,1.15,
ESTAT:CRIM_OFF_CAT(1.0),23/04/24 23:00:00,Annual,Intentional homicide,Per hundred thousand inhabitants,Northern Ireland (UK) (NUTS 2021),2013,1.09,
ESTAT:CRIM_OFF_CAT(1.0),23/04/24 23:00:00,Annual,Intentional homicide,Per hundred thousand inhabitants,Northern Ireland (UK) (NUTS 2021),2014,0.93,
ESTAT:CRIM_OFF_CAT(1.0),23/04/24 23:00:00,Annual,Intentional homicide,Per hundred thousand inhabitants,Northern Ireland (UK) (NUTS 2021),2015,1.30,
ESTAT:CRIM_OFF_CAT(1.0),23/04/24 23:00:00,Annual,Intentional homicide,Per hundred thousand inhabitants,Northern Ireland (UK) (NUTS 2021),2016,0.97,
ESTAT:CRIM_OFF_CAT(1.0),23/04/24 23:00:00,Annual,Intentional homicide,Per hundred thousand inhabitants,Northern Ireland (UK) (NUTS 2021),2017,1.29,
ESTAT:CRIM_OFF_CAT(1.0),23/04/24 23:00:00,Annual,Intentional homicide,Per hundred thousand inhabitants,Northern Ireland (UK) (NUTS 2021),2018,1.23,
ESTAT:CRIM_OFF_CAT(1.0),23/04/24 23:00:00,Annual,Intentional homicide,Per hundred thousand inhabitants,Kosovo*,2008,5.25,
ESTAT:CRIM_OFF_CAT(1.0),23/04/24 23:00:00,Annual,Intentional homicide,Per hundred thousand inhabitants,Kosovo*,2009,3.35,
ESTAT:CRIM_OFF_CAT(1.0),23/04/24 23:00:00,Annual,Intentional homicide,Per hundred thousand inhabitants,Kosovo*,2010,4.80,
ESTAT:CRIM_OFF_CAT(1.0),23/04/24 23:00:00,Annual,Intentional homicide,Per hundred thousand inhabitants,Kosovo*,2011,3.46,
ESTAT:CRIM_OFF_CAT(1.0),23/04/24 23:00:00,Annual,Intentional homicide,Per hundred thousand inhabitants,Kosovo*,2016,1.64,
ESTAT:CRIM_OFF_CAT(1.0),23/04/24 23:00:00,Annual,Intentional homicide,Per hundred thousand inhabitants,Kosovo*,2017,1.85,
ESTAT:CRIM_OFF_CAT(1.0),23/04/24 23:00:00,Annual,Intentional homicide,Per hundred thousand inhabitants,Kosovo*,2018,2.39,
ESTAT:CRIM_OFF_CAT(1.0),23/04/24 23:00:00,Annual,Intentional homicide,Per hundred thousand inhabitants,Kosovo*,2019,1.28,
ESTAT:CRIM_OFF_CAT(1.0),23/04/24 23:00:00,Annual,Intentional homicide,Per hundred thousand inhabitants,Kosovo*,2020,1.57,
