DATAFLOW,LAST UPDATE,freq,age,sex,indic_il,unit,geo,TIME_PERIOD,OBS_VALUE,OBS_FLAG
ESTAT:ILC_DI03(1.0),06/12/24 23:00:00,Annual,Total,Females,Mean equivalised net income,Euro,Albania,2017,2122,
ESTAT:ILC_DI03(1.0),06/12/24 23:00:00,Annual,Total,Females,Mean equivalised net income,Euro,Albania,2018,2310,
ESTAT:ILC_DI03(1.0),06/12/24 23:00:00,Annual,Total,Females,Mean equivalised net income,Euro,Albania,2019,2574,
ESTAT:ILC_DI03(1.0),06/12/24 23:00:00,Annual,Total,Females,Mean equivalised net income,Euro,Albania,2020,2909,
ESTAT:ILC_DI03(1.0),06/12/24 23:00:00,Annual,Total,Females,Mean equivalised net income,Euro,Austria,2010,22971,
ESTAT:ILC_DI03(1.0),06/12/24 23:00:00,Annual,Total,Females,Mean equivalised net income,Euro,Austria,2011,23444,
ESTAT:ILC_DI03(1.0),06/12/24 23:00:00,Annual,Total,Females,Mean equivalised net income,Euro,Austria,2012,23762,
ESTAT:ILC_DI03(1.0),06/12/24 23:00:00,Annual,Total,Females,Mean equivalised net income,Euro,Austria,2013,23757,
ESTAT:ILC_DI03(1.0),06/12/24 23:00:00,Annual,Total,Females,Mean equivalised net income,Euro,Austria,2014,25535,
ESTAT:ILC_DI03(1.0),06/12/24 23:00:00,Annual,Total,Females,Mean equivalised net income,Euro,Austria,2015,25228,
ESTAT:ILC_DI03(1.0),06/12/24 23:00:00,Annual,Total,Females,Mean equivalised net income,Euro,Austria,2016,25452,
ESTAT:ILC_DI03(1.0),06/12/24 23:00:00,Annual,Total,Females,Mean equivalised net income,Euro,Austria,2017,27134,
ESTAT:ILC_DI03(1.0),06/12/24 23:00:00,Annual,Total,Females,Mean equivalised net income,Euro,Austria,2018,27245,
ESTAT:ILC_DI03(1.0),06/12/24 23:00:00,Annual,Total,Females,Mean equivalised net income,Euro,Austria,2019,28069,
ESTAT:ILC_DI03(1.0),06/12/24 23:00:00,Annual,Total,Females,Mean equivalised net income,Euro,Austria,2020,29056,
ESTAT:ILC_DI03(1.0),06/12/24 23:00:00,Annual,Total,Females,Mean equivalised net income,Euro,Belgium,2010,20918,
ESTAT:ILC_DI03(1.0),06/12/24 23:00:00,Annual,Total,Females,Mean equivalised net income,Euro,Belgium,2011,21259,
ESTAT:ILC_DI03(1.0),06/12/24 23:00:00,Annual,Total,Females,Mean equivalised net income,Euro,Belgium,2012,21457,
ESTAT:ILC_DI03(1.0),06/12/24 23:00:00,Annual,Total,Females,Mean equivalised net income,Euro,Belgium,2013,22758,
ESTAT:ILC_DI03(1.0),06/12/24 23:00:00,Annual,Total,Females,Mean equivalised net income,Euro,Belgium,2014,22947,
ESTAT:ILC_DI03(1.0),06/12/24 23:00:00,Annual,Total,Females,Mean equivalised net income,Euro,Belgium,2015,22992,
ESTAT:ILC_DI03(1.0),06/12/24 23:00:00,Annual,Total,Females,Mean equivalised net income,Euro,Belgium,2016,23504,
ESTAT:ILC_DI03(1.0),06/12/24 23:00:00,Annual,Total,Females,Mean equivalised net income,Euro,Belgium,2017,23754,
ESTAT:ILC_DI03(1.0),06/12/24 23:00:00,Annual,Total,Females,Mean equivalised net income,Euro,Belgium,2018,24684,
ESTAT:ILC_DI03(1.0),06/12/24 23:00:00,Annual,Total,Females,Mean equivalised net income,Euro,Belgium,2019,25751,b
ESTAT:ILC_DI03(1.0),06/12/24 23:00:00,Annual,Total,Females,Mean equivalised net income,Euro,Belgium,2020,27038,
ESTAT:ILC_DI03(1.0),06/12/24 23:00:00,Annual,Total,Females,Mean equivalised net income,Euro,Bulgaria,2010,3448,
ESTAT:ILC_DI03(1.0),06/12/24 23:00:00,Annual,Total,Females,Mean equivalised net income,Euro,Bulgaria,2011,3383,
ESTAT:ILC_DI03(1.0),06/12/24 23:00:00,Annual,Total,Females,Mean equivalised net income,Euro,Bulgaria,2012,3218,
ESTAT:ILC_DI03(1.0),06/12/24 23:00:00,Annual,Total,Females,Mean equivalised net income,Euro,Bulgaria,2013,3468,
ESTAT:ILC_DI03(1.0),06/12/24 23:00:00,Annual,Total,Females,Mean equivalised net income,Euro,Bulgaria,2014,3824,
ESTAT:ILC_DI03(1.0),06/12/24 23:00:00,Annual,Total,Females,Mean equivalised net income,Euro,Bulgaria,2015,3951,
ESTAT:ILC_DI03(1.0),06/12/24 23:00:00,Annual,Total,Females,Mean equivalised net income,Euro,Bulgaria,2016,3756,b
ESTAT:ILC_DI03(1.0),06/12/24 23:00:00,Annual,Total,Females,Mean equivalised net income,Euro,Bulgaria,2017,4467,
ESTAT:ILC_DI03(1.0),06/12/24 23:00:00,Annual,Total,Females,Mean equivalised net income,Euro,Bulgaria,2018,4496,
ESTAT:ILC_DI03(1.0),06/12/24 23:00:00,Annual,Total,Females,Mean equivalised net income,Euro,Bulgaria,2019,5350,
ESTAT:ILC_DI03(1.0),06/12/24 23:00:00,Annual,Total,Females,Mean equivalised net income,Euro,Bulgaria,2020,5784,
ESTAT:ILC_DI03(1.0),06/12/24 23:00:00,Annual,Total,Females,Mean equivalised net income,Euro,Switzerland,2010,33953,
ESTAT:ILC_DI03(1.0),06/12/24 23:00:00,Annual,Total,Females,Mean equivalised net income,Euro,Switzerland,2011,37714,
ESTAT:ILC_DI03(1.0),06/12/24 23:00:00,Annual,Total,Females,Mean equivalised net income,Euro,Switzerland,2012,43249,
ESTAT:ILC_DI03(1.0),06/12/24 23:00:00,Annual,Total,Females,Mean equivalised net income,Euro,Switzerland,2013,45273,
ESTAT:ILC_DI03(1.0),06/12/24 23:00:00,Annual,Total,Females,Mean equivalised net income,Euro,Switzerland,2014,43029,b
ESTAT:ILC_DI03(1.0),06/12/24 23:00:00,Annual,Total,Females,Mean equivalised net income,Euro,Switzerland,2015,44053,
ESTAT:ILC_DI03(1.0),06/12/24 23:00:00,Annual,Total,Females,Mean equivalised net income,Euro,Switzerland,2016,49327,
ESTAT:ILC_DI03(1.0),06/12/24 23:00:00,Annual,Total,Females,Mean equivalised net income,Euro,Switzerland,2017,48643,
ESTAT:ILC_DI03(1.0),06/12/24 23:00:00,Annual,Total,Females,Mean equivalised net income,Euro,Switzerland,2018,48172,
ESTAT:ILC_DI03(1.0),06/12/24 23:00:00,Annual,Total,Females,Mean equivalised net income,Euro,Switzerland,2019,46064,
ESTAT:ILC_DI03(1.0),06/12/24 23:00:00,Annual,Total,Females,Mean equivalised net income,Euro,Switzerland,2020,49076,
ESTAT:ILC_DI03(1.0),06/12/24 23:00:00,Annual,Total,Females,Mean equivalised net income,Euro,Cyprus,2010,18620,
ESTAT:ILC_DI03(1.0),06/12/24 23:00:00,Annual,Total,Females,Mean equivalised net income,Euro,Cyprus,2011,19224,
ESTAT:ILC_DI03(1.0),06/12/24 23:00:00,Annual,Total,Females,Mean equivalised net income,Euro,Cyprus,2012,19872,
ESTAT:ILC_DI03(1.0),06/12/24 23:00:00,Annual,Total,Females,Mean equivalised net income,Euro,Cyprus,2013,19082,
ESTAT:ILC_DI03(1.0),06/12/24 23:00:00,Annual,Total,Females,Mean equivalised net income,Euro,Cyprus,2014,18278,
ESTAT:ILC_DI03(1.0),06/12/24 23:00:00,Annual,Total,Females,Mean equivalised net income,Euro,Cyprus,2015,16756,
ESTAT:ILC_DI03(1.0),06/12/24 23:00:00,Annual,Total,Females,Mean equivalised net income,Euro,Cyprus,2016,16785,
ESTAT:ILC_DI03(1.0),06/12/24 23:00:00,Annual,Total,Females,Mean equivalised net income,Euro,Cyprus,2017,17066,
ESTAT:ILC_DI03(1.0),06/12/24 23:00:00,Annual,Total,Females,Mean equivalised net income,Euro,Cyprus,2018,17434,
ESTAT:ILC_DI03(1.0),06/12/24 23:00:00,Annual,Total,Females,Mean equivalised net income,Euro,Cyprus,2019,19173,
ESTAT:ILC_DI03(1.0),06/12/24 23:00:00,Annual,Total,Females,Mean equivalised net income,Euro,Cyprus,2020,19091,
ESTAT:ILC_DI03(1.0),06/12/24 23:00:00,Annual,Total,Females,Mean equivalised net income,Euro,Czechia,2010,7810,
ESTAT:ILC_DI03(1.0),06/12/24 23:00:00,Annual,Total,Females,Mean equivalised net income,Euro,Czechia,2011,8249,
ESTAT:ILC_DI03(1.0),06/12/24 23:00:00,Annual,Total,Females,Mean equivalised net income,Euro,Czechia,2012,8550,
ESTAT:ILC_DI03(1.0),06/12/24 23:00:00,Annual,Total,Females,Mean equivalised net income,Euro,Czechia,2013,8478,
ESTAT:ILC_DI03(1.0),06/12/24 23:00:00,Annual,Total,Females,Mean equivalised net income,Euro,Czechia,2014,8375,
ESTAT:ILC_DI03(1.0),06/12/24 23:00:00,Annual,Total,Females,Mean equivalised net income,Euro,Czechia,2015,8132,
ESTAT:ILC_DI03(1.0),06/12/24 23:00:00,Annual,Total,Females,Mean equivalised net income,Euro,Czechia,2016,8565,
ESTAT:ILC_DI03(1.0),06/12/24 23:00:00,Annual,Total,Females,Mean equivalised net income,Euro,Czechia,2017,9017,
ESTAT:ILC_DI03(1.0),06/12/24 23:00:00,Annual,Total,Females,Mean equivalised net income,Euro,Czechia,2018,9796,
ESTAT:ILC_DI03(1.0),06/12/24 23:00:00,Annual,Total,Females,Mean equivalised net income,Euro,Czechia,2019,10730,
ESTAT:ILC_DI03(1.0),06/12/24 23:00:00,Annual,Total,Females,Mean equivalised net income,Euro,Czechia,2020,11510,
ESTAT:ILC_DI03(1.0),06/12/24 23:00:00,Annual,Total,Females,Mean equivalised net income,Euro,Germany,2010,21018,
ESTAT:ILC_DI03(1.0),06/12/24 23:00:00,Annual,Total,Females,Mean equivalised net income,Euro,Germany,2011,21037,
ESTAT:ILC_DI03(1.0),06/12/24 23:00:00,Annual,Total,Females,Mean equivalised net income,Euro,Germany,2012,21401,
ESTAT:ILC_DI03(1.0),06/12/24 23:00:00,Annual,Total,Females,Mean equivalised net income,Euro,Germany,2013,21840,
ESTAT:ILC_DI03(1.0),06/12/24 23:00:00,Annual,Total,Females,Mean equivalised net income,Euro,Germany,2014,21964,
ESTAT:ILC_DI03(1.0),06/12/24 23:00:00,Annual,Total,Females,Mean equivalised net income,Euro,Germany,2015,22973,
ESTAT:ILC_DI03(1.0),06/12/24 23:00:00,Annual,Total,Females,Mean equivalised net income,Euro,Germany,2016,23411,
ESTAT:ILC_DI03(1.0),06/12/24 23:00:00,Annual,Total,Females,Mean equivalised net income,Euro,Germany,2017,24246,
ESTAT:ILC_DI03(1.0),06/12/24 23:00:00,Annual,Total,Females,Mean equivalised net income,Euro,Germany,2018,25474,
ESTAT:ILC_DI03(1.0),06/12/24 23:00:00,Annual,Total,Females,Mean equivalised net income,Euro,Germany,2019,25410,
ESTAT:ILC_DI03(1.0),06/12/24 23:00:00,Annual,Total,Females,Mean equivalised net income,Euro,Germany,2020,29398,b
ESTAT:ILC_DI03(1.0),06/12/24 23:00:00,Annual,Total,Females,Mean equivalised net income,Euro,Denmark,2010,26556,
ESTAT:ILC_DI03(1.0),06/12/24 23:00:00,Annual,Total,Females,Mean equivalised net income,Euro,Denmark,2011,29046,b
ESTAT:ILC_DI03(1.0),06/12/24 23:00:00,Annual,Total,Females,Mean equivalised net income,Euro,Denmark,2012,29319,
ESTAT:ILC_DI03(1.0),06/12/24 23:00:00,Annual,Total,Females,Mean equivalised net income,Euro,Denmark,2013,29493,
ESTAT:ILC_DI03(1.0),06/12/24 23:00:00,Annual,Total,Females,Mean equivalised net income,Euro,Denmark,2014,30908,
ESTAT:ILC_DI03(1.0),06/12/24 23:00:00,Annual,Total,Females,Mean equivalised net income,Euro,Denmark,2015,31197,
ESTAT:ILC_DI03(1.0),06/12/24 23:00:00,Annual,Total,Females,Mean equivalised net income,Euro,Denmark,2016,31577,
ESTAT:ILC_DI03(1.0),06/12/24 23:00:00,Annual,Total,Females,Mean equivalised net income,Euro,Denmark,2017,32833,
ESTAT:ILC_DI03(1.0),06/12/24 23:00:00,Annual,Total,Females,Mean equivalised net income,Euro,Denmark,2018,33131,
ESTAT:ILC_DI03(1.0),06/12/24 23:00:00,Annual,Total,Females,Mean equivalised net income,Euro,Denmark,2019,34045,
ESTAT:ILC_DI03(1.0),06/12/24 23:00:00,Annual,Total,Females,Mean equivalised net income,Euro,Denmark,2020,33803,b
ESTAT:ILC_DI03(1.0),06/12/24 23:00:00,Annual,Total,Females,Mean equivalised net income,Euro,Euro area - 18 countries (2014),2010,19339,
ESTAT:ILC_DI03(1.0),06/12/24 23:00:00,Annual,Total,Females,Mean equivalised net income,Euro,Euro area - 18 countries (2014),2011,19290,
ESTAT:ILC_DI03(1.0),06/12/24 23:00:00,Annual,Total,Females,Mean equivalised net income,Euro,Euro area - 18 countries (2014),2012,19515,
ESTAT:ILC_DI03(1.0),06/12/24 23:00:00,Annual,Total,Females,Mean equivalised net income,Euro,Euro area - 18 countries (2014),2013,19556,
ESTAT:ILC_DI03(1.0),06/12/24 23:00:00,Annual,Total,Females,Mean equivalised net income,Euro,Euro area - 18 countries (2014),2014,19612,
ESTAT:ILC_DI03(1.0),06/12/24 23:00:00,Annual,Total,Females,Mean equivalised net income,Euro,Euro area - 18 countries (2014),2015,20006,
ESTAT:ILC_DI03(1.0),06/12/24 23:00:00,Annual,Total,Females,Mean equivalised net income,Euro,Euro area - 18 countries (2014),2016,20474,
ESTAT:ILC_DI03(1.0),06/12/24 23:00:00,Annual,Total,Females,Mean equivalised net income,Euro,Euro area - 18 countries (2014),2017,20977,
ESTAT:ILC_DI03(1.0),06/12/24 23:00:00,Annual,Total,Females,Mean equivalised net income,Euro,Euro area - 18 countries (2014),2018,21624,
ESTAT:ILC_DI03(1.0),06/12/24 23:00:00,Annual,Total,Females,Mean equivalised net income,Euro,Euro area - 18 countries (2014),2019,22044,
ESTAT:ILC_DI03(1.0),06/12/24 23:00:00,Annual,Total,Females,Mean equivalised net income,Euro,Euro area - 18 countries (2014),2020,23352,b
ESTAT:ILC_DI03(1.0),06/12/24 23:00:00,Annual,Total,Females,Mean equivalised net income,Euro,Estonia,2010,6609,
ESTAT:ILC_DI03(1.0),06/12/24 23:00:00,Annual,Total,Females,Mean equivalised net income,Euro,Estonia,2011,6422,
ESTAT:ILC_DI03(1.0),06/12/24 23:00:00,Annual,Total,Females,Mean equivalised net income,Euro,Estonia,2012,6913,
ESTAT:ILC_DI03(1.0),06/12/24 23:00:00,Annual,Total,Females,Mean equivalised net income,Euro,Estonia,2013,7639,
ESTAT:ILC_DI03(1.0),06/12/24 23:00:00,Annual,Total,Females,Mean equivalised net income,Euro,Estonia,2014,8633,b
ESTAT:ILC_DI03(1.0),06/12/24 23:00:00,Annual,Total,Females,Mean equivalised net income,Euro,Estonia,2015,9304,
ESTAT:ILC_DI03(1.0),06/12/24 23:00:00,Annual,Total,Females,Mean equivalised net income,Euro,Estonia,2016,9841,
ESTAT:ILC_DI03(1.0),06/12/24 23:00:00,Annual,Total,Females,Mean equivalised net income,Euro,Estonia,2017,10489,
ESTAT:ILC_DI03(1.0),06/12/24 23:00:00,Annual,Total,Females,Mean equivalised net income,Euro,Estonia,2018,11528,
ESTAT:ILC_DI03(1.0),06/12/24 23:00:00,Annual,Total,Females,Mean equivalised net income,Euro,Estonia,2019,12537,
ESTAT:ILC_DI03(1.0),06/12/24 23:00:00,Annual,Total,Females,Mean equivalised net income,Euro,Estonia,2020,13457,
ESTAT:ILC_DI03(1.0),06/12/24 23:00:00,Annual,Total,Females,Mean equivalised net income,Euro,Greece,2010,13798,
ESTAT:ILC_DI03(1.0),06/12/24 23:00:00,Annual,Total,Females,Mean equivalised net income,Euro,Greece,2011,12410,
ESTAT:ILC_DI03(1.0),06/12/24 23:00:00,Annual,Total,Females,Mean equivalised net income,Euro,Greece,2012,10496,
ESTAT:ILC_DI03(1.0),06/12/24 23:00:00,Annual,Total,Females,Mean equivalised net income,Euro,Greece,2013,9103,
ESTAT:ILC_DI03(1.0),06/12/24 23:00:00,Annual,Total,Females,Mean equivalised net income,Euro,Greece,2014,8808,
ESTAT:ILC_DI03(1.0),06/12/24 23:00:00,Annual,Total,Females,Mean equivalised net income,Euro,Greece,2015,8596,
ESTAT:ILC_DI03(1.0),06/12/24 23:00:00,Annual,Total,Females,Mean equivalised net income,Euro,Greece,2016,8574,
ESTAT:ILC_DI03(1.0),06/12/24 23:00:00,Annual,Total,Females,Mean equivalised net income,Euro,Greece,2017,8713,
ESTAT:ILC_DI03(1.0),06/12/24 23:00:00,Annual,Total,Females,Mean equivalised net income,Euro,Greece,2018,8931,
ESTAT:ILC_DI03(1.0),06/12/24 23:00:00,Annual,Total,Females,Mean equivalised net income,Euro,Greece,2019,9294,
ESTAT:ILC_DI03(1.0),06/12/24 23:00:00,Annual,Total,Females,Mean equivalised net income,Euro,Greece,2020,9944,
ESTAT:ILC_DI03(1.0),06/12/24 23:00:00,Annual,Total,Females,Mean equivalised net income,Euro,Spain,2010,16721,
ESTAT:ILC_DI03(1.0),06/12/24 23:00:00,Annual,Total,Females,Mean equivalised net income,Euro,Spain,2011,16070,
ESTAT:ILC_DI03(1.0),06/12/24 23:00:00,Annual,Total,Females,Mean equivalised net income,Euro,Spain,2012,15964,
ESTAT:ILC_DI03(1.0),06/12/24 23:00:00,Annual,Total,Females,Mean equivalised net income,Euro,Spain,2013,15551,
ESTAT:ILC_DI03(1.0),06/12/24 23:00:00,Annual,Total,Females,Mean equivalised net income,Euro,Spain,2014,15278,
ESTAT:ILC_DI03(1.0),06/12/24 23:00:00,Annual,Total,Females,Mean equivalised net income,Euro,Spain,2015,15328,
ESTAT:ILC_DI03(1.0),06/12/24 23:00:00,Annual,Total,Females,Mean equivalised net income,Euro,Spain,2016,15719,
ESTAT:ILC_DI03(1.0),06/12/24 23:00:00,Annual,Total,Females,Mean equivalised net income,Euro,Spain,2017,16249,
ESTAT:ILC_DI03(1.0),06/12/24 23:00:00,Annual,Total,Females,Mean equivalised net income,Euro,Spain,2018,16695,
ESTAT:ILC_DI03(1.0),06/12/24 23:00:00,Annual,Total,Females,Mean equivalised net income,Euro,Spain,2019,17131,
ESTAT:ILC_DI03(1.0),06/12/24 23:00:00,Annual,Total,Females,Mean equivalised net income,Euro,Spain,2020,17900,
ESTAT:ILC_DI03(1.0),06/12/24 23:00:00,Annual,Total,Females,Mean equivalised net income,Euro,Finland,2010,23033,
ESTAT:ILC_DI03(1.0),06/12/24 23:00:00,Annual,Total,Females,Mean equivalised net income,Euro,Finland,2011,23689,
ESTAT:ILC_DI03(1.0),06/12/24 23:00:00,Annual,Total,Females,Mean equivalised net income,Euro,Finland,2012,24756,
ESTAT:ILC_DI03(1.0),06/12/24 23:00:00,Annual,Total,Females,Mean equivalised net income,Euro,Finland,2013,25468,
ESTAT:ILC_DI03(1.0),06/12/24 23:00:00,Annual,Total,Females,Mean equivalised net income,Euro,Finland,2014,25658,
ESTAT:ILC_DI03(1.0),06/12/24 23:00:00,Annual,Total,Females,Mean equivalised net income,Euro,Finland,2015,25867,
ESTAT:ILC_DI03(1.0),06/12/24 23:00:00,Annual,Total,Females,Mean equivalised net income,Euro,Finland,2016,26036,
ESTAT:ILC_DI03(1.0),06/12/24 23:00:00,Annual,Total,Females,Mean equivalised net income,Euro,Finland,2017,26388,
ESTAT:ILC_DI03(1.0),06/12/24 23:00:00,Annual,Total,Females,Mean equivalised net income,Euro,Finland,2018,27020,
ESTAT:ILC_DI03(1.0),06/12/24 23:00:00,Annual,Total,Females,Mean equivalised net income,Euro,Finland,2019,27684,
ESTAT:ILC_DI03(1.0),06/12/24 23:00:00,Annual,Total,Females,Mean equivalised net income,Euro,Finland,2020,28289,
ESTAT:ILC_DI03(1.0),06/12/24 23:00:00,Annual,Total,Females,Mean equivalised net income,Euro,France,2010,23053,
ESTAT:ILC_DI03(1.0),06/12/24 23:00:00,Annual,Total,Females,Mean equivalised net income,Euro,France,2011,23472,
ESTAT:ILC_DI03(1.0),06/12/24 23:00:00,Annual,Total,Females,Mean equivalised net income,Euro,France,2012,24113,
ESTAT:ILC_DI03(1.0),06/12/24 23:00:00,Annual,Total,Females,Mean equivalised net income,Euro,France,2013,24336,
ESTAT:ILC_DI03(1.0),06/12/24 23:00:00,Annual,Total,Females,Mean equivalised net income,Euro,France,2014,24190,
ESTAT:ILC_DI03(1.0),06/12/24 23:00:00,Annual,Total,Females,Mean equivalised net income,Euro,France,2015,24630,
ESTAT:ILC_DI03(1.0),06/12/24 23:00:00,Annual,Total,Females,Mean equivalised net income,Euro,France,2016,25059,
ESTAT:ILC_DI03(1.0),06/12/24 23:00:00,Annual,Total,Females,Mean equivalised net income,Euro,France,2017,24985,
ESTAT:ILC_DI03(1.0),06/12/24 23:00:00,Annual,Total,Females,Mean equivalised net income,Euro,France,2018,25324,
ESTAT:ILC_DI03(1.0),06/12/24 23:00:00,Annual,Total,Females,Mean equivalised net income,Euro,France,2019,26084,
ESTAT:ILC_DI03(1.0),06/12/24 23:00:00,Annual,Total,Females,Mean equivalised net income,Euro,France,2020,24964,b
ESTAT:ILC_DI03(1.0),06/12/24 23:00:00,Annual,Total,Females,Mean equivalised net income,Euro,Croatia,2010,6520,
ESTAT:ILC_DI03(1.0),06/12/24 23:00:00,Annual,Total,Females,Mean equivalised net income,Euro,Croatia,2011,6106,
ESTAT:ILC_DI03(1.0),06/12/24 23:00:00,Annual,Total,Females,Mean equivalised net income,Euro,Croatia,2012,5831,
ESTAT:ILC_DI03(1.0),06/12/24 23:00:00,Annual,Total,Females,Mean equivalised net income,Euro,Croatia,2013,5745,
ESTAT:ILC_DI03(1.0),06/12/24 23:00:00,Annual,Total,Females,Mean equivalised net income,Euro,Croatia,2014,5726,
ESTAT:ILC_DI03(1.0),06/12/24 23:00:00,Annual,Total,Females,Mean equivalised net income,Euro,Croatia,2015,6053,
ESTAT:ILC_DI03(1.0),06/12/24 23:00:00,Annual,Total,Females,Mean equivalised net income,Euro,Croatia,2016,6315,
ESTAT:ILC_DI03(1.0),06/12/24 23:00:00,Annual,Total,Females,Mean equivalised net income,Euro,Croatia,2017,6736,
ESTAT:ILC_DI03(1.0),06/12/24 23:00:00,Annual,Total,Females,Mean equivalised net income,Euro,Croatia,2018,7192,
ESTAT:ILC_DI03(1.0),06/12/24 23:00:00,Annual,Total,Females,Mean equivalised net income,Euro,Croatia,2019,7874,
ESTAT:ILC_DI03(1.0),06/12/24 23:00:00,Annual,Total,Females,Mean equivalised net income,Euro,Croatia,2020,8373,
ESTAT:ILC_DI03(1.0),06/12/24 23:00:00,Annual,Total,Females,Mean equivalised net income,Euro,Hungary,2010,4587,
ESTAT:ILC_DI03(1.0),06/12/24 23:00:00,Annual,Total,Females,Mean equivalised net income,Euro,Hungary,2011,4983,
ESTAT:ILC_DI03(1.0),06/12/24 23:00:00,Annual,Total,Females,Mean equivalised net income,Euro,Hungary,2012,5163,
ESTAT:ILC_DI03(1.0),06/12/24 23:00:00,Annual,Total,Females,Mean equivalised net income,Euro,Hungary,2013,4954,
ESTAT:ILC_DI03(1.0),06/12/24 23:00:00,Annual,Total,Females,Mean equivalised net income,Euro,Hungary,2014,5063,
ESTAT:ILC_DI03(1.0),06/12/24 23:00:00,Annual,Total,Females,Mean equivalised net income,Euro,Hungary,2015,5094,
ESTAT:ILC_DI03(1.0),06/12/24 23:00:00,Annual,Total,Females,Mean equivalised net income,Euro,Hungary,2016,5297,
ESTAT:ILC_DI03(1.0),06/12/24 23:00:00,Annual,Total,Females,Mean equivalised net income,Euro,Hungary,2017,5480,
ESTAT:ILC_DI03(1.0),06/12/24 23:00:00,Annual,Total,Females,Mean equivalised net income,Euro,Hungary,2018,6054,
ESTAT:ILC_DI03(1.0),06/12/24 23:00:00,Annual,Total,Females,Mean equivalised net income,Euro,Hungary,2019,6458,
ESTAT:ILC_DI03(1.0),06/12/24 23:00:00,Annual,Total,Females,Mean equivalised net income,Euro,Hungary,2020,7158,
ESTAT:ILC_DI03(1.0),06/12/24 23:00:00,Annual,Total,Females,Mean equivalised net income,Euro,Ireland,2010,23700,
ESTAT:ILC_DI03(1.0),06/12/24 23:00:00,Annual,Total,Females,Mean equivalised net income,Euro,Ireland,2011,22577,
ESTAT:ILC_DI03(1.0),06/12/24 23:00:00,Annual,Total,Females,Mean equivalised net income,Euro,Ireland,2012,22640,
ESTAT:ILC_DI03(1.0),06/12/24 23:00:00,Annual,Total,Females,Mean equivalised net income,Euro,Ireland,2013,23092,
ESTAT:ILC_DI03(1.0),06/12/24 23:00:00,Annual,Total,Females,Mean equivalised net income,Euro,Ireland,2014,23321,
ESTAT:ILC_DI03(1.0),06/12/24 23:00:00,Annual,Total,Females,Mean equivalised net income,Euro,Ireland,2015,24341,
ESTAT:ILC_DI03(1.0),06/12/24 23:00:00,Annual,Total,Females,Mean equivalised net income,Euro,Ireland,2016,25397,
ESTAT:ILC_DI03(1.0),06/12/24 23:00:00,Annual,Total,Females,Mean equivalised net income,Euro,Ireland,2017,26473,
ESTAT:ILC_DI03(1.0),06/12/24 23:00:00,Annual,Total,Females,Mean equivalised net income,Euro,Ireland,2018,28308,
ESTAT:ILC_DI03(1.0),06/12/24 23:00:00,Annual,Total,Females,Mean equivalised net income,Euro,Ireland,2019,28872,b
ESTAT:ILC_DI03(1.0),06/12/24 23:00:00,Annual,Total,Females,Mean equivalised net income,Euro,Ireland,2020,30383,b
ESTAT:ILC_DI03(1.0),06/12/24 23:00:00,Annual,Total,Females,Mean equivalised net income,Euro,Iceland,2010,20386,
ESTAT:ILC_DI03(1.0),06/12/24 23:00:00,Annual,Total,Females,Mean equivalised net income,Euro,Iceland,2011,20325,
ESTAT:ILC_DI03(1.0),06/12/24 23:00:00,Annual,Total,Females,Mean equivalised net income,Euro,Iceland,2012,21156,
ESTAT:ILC_DI03(1.0),06/12/24 23:00:00,Annual,Total,Females,Mean equivalised net income,Euro,Iceland,2013,22918,
ESTAT:ILC_DI03(1.0),06/12/24 23:00:00,Annual,Total,Females,Mean equivalised net income,Euro,Iceland,2014,24207,
ESTAT:ILC_DI03(1.0),06/12/24 23:00:00,Annual,Total,Females,Mean equivalised net income,Euro,Iceland,2015,27591,
ESTAT:ILC_DI03(1.0),06/12/24 23:00:00,Annual,Total,Females,Mean equivalised net income,Euro,Iceland,2016,31688,
ESTAT:ILC_DI03(1.0),06/12/24 23:00:00,Annual,Total,Females,Mean equivalised net income,Euro,Iceland,2017,37190,
ESTAT:ILC_DI03(1.0),06/12/24 23:00:00,Annual,Total,Females,Mean equivalised net income,Euro,Iceland,2018,43536,
ESTAT:ILC_DI03(1.0),06/12/24 23:00:00,Annual,Total,Females,Mean equivalised net income,Euro,Iceland,2019,40150,
ESTAT:ILC_DI03(1.0),06/12/24 23:00:00,Annual,Total,Females,Mean equivalised net income,Euro,Italy,2010,17726,
ESTAT:ILC_DI03(1.0),06/12/24 23:00:00,Annual,Total,Females,Mean equivalised net income,Euro,Italy,2011,17671,
ESTAT:ILC_DI03(1.0),06/12/24 23:00:00,Annual,Total,Females,Mean equivalised net income,Euro,Italy,2012,17824,
ESTAT:ILC_DI03(1.0),06/12/24 23:00:00,Annual,Total,Females,Mean equivalised net income,Euro,Italy,2013,17477,
ESTAT:ILC_DI03(1.0),06/12/24 23:00:00,Annual,Total,Females,Mean equivalised net income,Euro,Italy,2014,17501,
ESTAT:ILC_DI03(1.0),06/12/24 23:00:00,Annual,Total,Females,Mean equivalised net income,Euro,Italy,2015,17511,
ESTAT:ILC_DI03(1.0),06/12/24 23:00:00,Annual,Total,Females,Mean equivalised net income,Euro,Italy,2016,17898,
ESTAT:ILC_DI03(1.0),06/12/24 23:00:00,Annual,Total,Females,Mean equivalised net income,Euro,Italy,2017,18335,
ESTAT:ILC_DI03(1.0),06/12/24 23:00:00,Annual,Total,Females,Mean equivalised net income,Euro,Italy,2018,18855,
ESTAT:ILC_DI03(1.0),06/12/24 23:00:00,Annual,Total,Females,Mean equivalised net income,Euro,Italy,2019,19124,
ESTAT:ILC_DI03(1.0),06/12/24 23:00:00,Annual,Total,Females,Mean equivalised net income,Euro,Italy,2020,20049,
ESTAT:ILC_DI03(1.0),06/12/24 23:00:00,Annual,Total,Females,Mean equivalised net income,Euro,Lithuania,2010,4862,
ESTAT:ILC_DI03(1.0),06/12/24 23:00:00,Annual,Total,Females,Mean equivalised net income,Euro,Lithuania,2011,4395,
ESTAT:ILC_DI03(1.0),06/12/24 23:00:00,Annual,Total,Females,Mean equivalised net income,Euro,Lithuania,2012,4978,
ESTAT:ILC_DI03(1.0),06/12/24 23:00:00,Annual,Total,Females,Mean equivalised net income,Euro,Lithuania,2013,5480,
ESTAT:ILC_DI03(1.0),06/12/24 23:00:00,Annual,Total,Females,Mean equivalised net income,Euro,Lithuania,2014,5846,
ESTAT:ILC_DI03(1.0),06/12/24 23:00:00,Annual,Total,Females,Mean equivalised net income,Euro,Lithuania,2015,6498,
ESTAT:ILC_DI03(1.0),06/12/24 23:00:00,Annual,Total,Females,Mean equivalised net income,Euro,Lithuania,2016,6865,
ESTAT:ILC_DI03(1.0),06/12/24 23:00:00,Annual,Total,Females,Mean equivalised net income,Euro,Lithuania,2017,7334,
ESTAT:ILC_DI03(1.0),06/12/24 23:00:00,Annual,Total,Females,Mean equivalised net income,Euro,Lithuania,2018,8089,
ESTAT:ILC_DI03(1.0),06/12/24 23:00:00,Annual,Total,Females,Mean equivalised net income,Euro,Lithuania,2019,8973,
ESTAT:ILC_DI03(1.0),06/12/24 23:00:00,Annual,Total,Females,Mean equivalised net income,Euro,Lithuania,2020,10055,
ESTAT:ILC_DI03(1.0),06/12/24 23:00:00,Annual,Total,Females,Mean equivalised net income,Euro,Luxembourg,2010,35788,
ESTAT:ILC_DI03(1.0),06/12/24 23:00:00,Annual,Total,Females,Mean equivalised net income,Euro,Luxembourg,2011,35901,
ESTAT:ILC_DI03(1.0),06/12/24 23:00:00,Annual,Total,Females,Mean equivalised net income,Euro,Luxembourg,2012,36391,
ESTAT:ILC_DI03(1.0),06/12/24 23:00:00,Annual,Total,Females,Mean equivalised net income,Euro,Luxembourg,2013,37623,
ESTAT:ILC_DI03(1.0),06/12/24 23:00:00,Annual,Total,Females,Mean equivalised net income,Euro,Luxembourg,2014,38000,
ESTAT:ILC_DI03(1.0),06/12/24 23:00:00,Annual,Total,Females,Mean equivalised net income,Euro,Luxembourg,2015,39260,
ESTAT:ILC_DI03(1.0),06/12/24 23:00:00,Annual,Total,Females,Mean equivalised net income,Euro,Luxembourg,2016,37245,b
ESTAT:ILC_DI03(1.0),06/12/24 23:00:00,Annual,Total,Females,Mean equivalised net income,Euro,Luxembourg,2017,40480,
ESTAT:ILC_DI03(1.0),06/12/24 23:00:00,Annual,Total,Females,Mean equivalised net income,Euro,Luxembourg,2018,39619,
ESTAT:ILC_DI03(1.0),06/12/24 23:00:00,Annual,Total,Females,Mean equivalised net income,Euro,Luxembourg,2019,42225,
ESTAT:ILC_DI03(1.0),06/12/24 23:00:00,Annual,Total,Females,Mean equivalised net income,Euro,Luxembourg,2020,43352,b
ESTAT:ILC_DI03(1.0),06/12/24 23:00:00,Annual,Total,Females,Mean equivalised net income,Euro,Latvia,2010,5407,
ESTAT:ILC_DI03(1.0),06/12/24 23:00:00,Annual,Total,Females,Mean equivalised net income,Euro,Latvia,2011,5042,
ESTAT:ILC_DI03(1.0),06/12/24 23:00:00,Annual,Total,Females,Mean equivalised net income,Euro,Latvia,2012,5343,
ESTAT:ILC_DI03(1.0),06/12/24 23:00:00,Annual,Total,Females,Mean equivalised net income,Euro,Latvia,2013,5588,
ESTAT:ILC_DI03(1.0),06/12/24 23:00:00,Annual,Total,Females,Mean equivalised net income,Euro,Latvia,2014,6157,
ESTAT:ILC_DI03(1.0),06/12/24 23:00:00,Annual,Total,Females,Mean equivalised net income,Euro,Latvia,2015,6755,
ESTAT:ILC_DI03(1.0),06/12/24 23:00:00,Annual,Total,Females,Mean equivalised net income,Euro,Latvia,2016,7354,
ESTAT:ILC_DI03(1.0),06/12/24 23:00:00,Annual,Total,Females,Mean equivalised net income,Euro,Latvia,2017,7612,
ESTAT:ILC_DI03(1.0),06/12/24 23:00:00,Annual,Total,Females,Mean equivalised net income,Euro,Latvia,2018,8439,
ESTAT:ILC_DI03(1.0),06/12/24 23:00:00,Annual,Total,Females,Mean equivalised net income,Euro,Latvia,2019,9470,
ESTAT:ILC_DI03(1.0),06/12/24 23:00:00,Annual,Total,Females,Mean equivalised net income,Euro,Latvia,2020,10202,
ESTAT:ILC_DI03(1.0),06/12/24 23:00:00,Annual,Total,Females,Mean equivalised net income,Euro,Montenegro,2013,3547,
ESTAT:ILC_DI03(1.0),06/12/24 23:00:00,Annual,Total,Females,Mean equivalised net income,Euro,Montenegro,2014,3581,
ESTAT:ILC_DI03(1.0),06/12/24 23:00:00,Annual,Total,Females,Mean equivalised net income,Euro,Montenegro,2015,3682,
ESTAT:ILC_DI03(1.0),06/12/24 23:00:00,Annual,Total,Females,Mean equivalised net income,Euro,Montenegro,2016,3787,
ESTAT:ILC_DI03(1.0),06/12/24 23:00:00,Annual,Total,Females,Mean equivalised net income,Euro,Montenegro,2017,4095,
ESTAT:ILC_DI03(1.0),06/12/24 23:00:00,Annual,Total,Females,Mean equivalised net income,Euro,Montenegro,2018,4196,
ESTAT:ILC_DI03(1.0),06/12/24 23:00:00,Annual,Total,Females,Mean equivalised net income,Euro,Montenegro,2019,4206,
ESTAT:ILC_DI03(1.0),06/12/24 23:00:00,Annual,Total,Females,Mean equivalised net income,Euro,Montenegro,2020,4403,
ESTAT:ILC_DI03(1.0),06/12/24 23:00:00,Annual,Total,Females,Mean equivalised net income,Euro,North Macedonia,2012,2163,
ESTAT:ILC_DI03(1.0),06/12/24 23:00:00,Annual,Total,Females,Mean equivalised net income,Euro,North Macedonia,2013,2248,
ESTAT:ILC_DI03(1.0),06/12/24 23:00:00,Annual,Total,Females,Mean equivalised net income,Euro,North Macedonia,2014,2287,
ESTAT:ILC_DI03(1.0),06/12/24 23:00:00,Annual,Total,Females,Mean equivalised net income,Euro,North Macedonia,2015,2428,
ESTAT:ILC_DI03(1.0),06/12/24 23:00:00,Annual,Total,Females,Mean equivalised net income,Euro,North Macedonia,2016,2538,
ESTAT:ILC_DI03(1.0),06/12/24 23:00:00,Annual,Total,Females,Mean equivalised net income,Euro,North Macedonia,2017,2680,
ESTAT:ILC_DI03(1.0),06/12/24 23:00:00,Annual,Total,Females,Mean equivalised net income,Euro,North Macedonia,2018,2835,
ESTAT:ILC_DI03(1.0),06/12/24 23:00:00,Annual,Total,Females,Mean equivalised net income,Euro,North Macedonia,2019,2950,
ESTAT:ILC_DI03(1.0),06/12/24 23:00:00,Annual,Total,Females,Mean equivalised net income,Euro,North Macedonia,2020,3250,
ESTAT:ILC_DI03(1.0),06/12/24 23:00:00,Annual,Total,Females,Mean equivalised net income,Euro,Malta,2010,11641,
ESTAT:ILC_DI03(1.0),06/12/24 23:00:00,Annual,Total,Females,Mean equivalised net income,Euro,Malta,2011,11868,
ESTAT:ILC_DI03(1.0),06/12/24 23:00:00,Annual,Total,Females,Mean equivalised net income,Euro,Malta,2012,12388,
ESTAT:ILC_DI03(1.0),06/12/24 23:00:00,Annual,Total,Females,Mean equivalised net income,Euro,Malta,2013,13118,
ESTAT:ILC_DI03(1.0),06/12/24 23:00:00,Annual,Total,Females,Mean equivalised net income,Euro,Malta,2014,14080,
ESTAT:ILC_DI03(1.0),06/12/24 23:00:00,Annual,Total,Females,Mean equivalised net income,Euro,Malta,2015,14984,
ESTAT:ILC_DI03(1.0),06/12/24 23:00:00,Annual,Total,Females,Mean equivalised net income,Euro,Malta,2016,15393,
ESTAT:ILC_DI03(1.0),06/12/24 23:00:00,Annual,Total,Females,Mean equivalised net income,Euro,Malta,2017,16210,
ESTAT:ILC_DI03(1.0),06/12/24 23:00:00,Annual,Total,Females,Mean equivalised net income,Euro,Malta,2018,16559,
ESTAT:ILC_DI03(1.0),06/12/24 23:00:00,Annual,Total,Females,Mean equivalised net income,Euro,Malta,2019,17019,
ESTAT:ILC_DI03(1.0),06/12/24 23:00:00,Annual,Total,Females,Mean equivalised net income,Euro,Malta,2020,19017,
ESTAT:ILC_DI03(1.0),06/12/24 23:00:00,Annual,Total,Females,Mean equivalised net income,Euro,Netherlands,2010,22425,
ESTAT:ILC_DI03(1.0),06/12/24 23:00:00,Annual,Total,Females,Mean equivalised net income,Euro,Netherlands,2011,22274,
ESTAT:ILC_DI03(1.0),06/12/24 23:00:00,Annual,Total,Females,Mean equivalised net income,Euro,Netherlands,2012,22551,
ESTAT:ILC_DI03(1.0),06/12/24 23:00:00,Annual,Total,Females,Mean equivalised net income,Euro,Netherlands,2013,22771,
ESTAT:ILC_DI03(1.0),06/12/24 23:00:00,Annual,Total,Females,Mean equivalised net income,Euro,Netherlands,2014,22960,
ESTAT:ILC_DI03(1.0),06/12/24 23:00:00,Annual,Total,Females,Mean equivalised net income,Euro,Netherlands,2015,23609,
ESTAT:ILC_DI03(1.0),06/12/24 23:00:00,Annual,Total,Females,Mean equivalised net income,Euro,Netherlands,2016,25016,b
ESTAT:ILC_DI03(1.0),06/12/24 23:00:00,Annual,Total,Females,Mean equivalised net income,Euro,Netherlands,2017,25981,
ESTAT:ILC_DI03(1.0),06/12/24 23:00:00,Annual,Total,Females,Mean equivalised net income,Euro,Netherlands,2018,26302,
ESTAT:ILC_DI03(1.0),06/12/24 23:00:00,Annual,Total,Females,Mean equivalised net income,Euro,Netherlands,2019,26832,
ESTAT:ILC_DI03(1.0),06/12/24 23:00:00,Annual,Total,Females,Mean equivalised net income,Euro,Netherlands,2020,28629,
ESTAT:ILC_DI03(1.0),06/12/24 23:00:00,Annual,Total,Females,Mean equivalised net income,Euro,Norway,2010,34295,
ESTAT:ILC_DI03(1.0),06/12/24 23:00:00,Annual,Total,Females,Mean equivalised net income,Euro,Norway,2011,38591,
ESTAT:ILC_DI03(1.0),06/12/24 23:00:00,Annual,Total,Females,Mean equivalised net income,Euro,Norway,2012,42177,
ESTAT:ILC_DI03(1.0),06/12/24 23:00:00,Annual,Total,Females,Mean equivalised net income,Euro,Norway,2013,44796,
ESTAT:ILC_DI03(1.0),06/12/24 23:00:00,Annual,Total,Females,Mean equivalised net income,Euro,Norway,2014,46071,
ESTAT:ILC_DI03(1.0),06/12/24 23:00:00,Annual,Total,Females,Mean equivalised net income,Euro,Norway,2015,43272,
ESTAT:ILC_DI03(1.0),06/12/24 23:00:00,Annual,Total,Females,Mean equivalised net income,Euro,Norway,2016,41687,
ESTAT:ILC_DI03(1.0),06/12/24 23:00:00,Annual,Total,Females,Mean equivalised net income,Euro,Norway,2017,40874,
ESTAT:ILC_DI03(1.0),06/12/24 23:00:00,Annual,Total,Females,Mean equivalised net income,Euro,Norway,2018,41524,
ESTAT:ILC_DI03(1.0),06/12/24 23:00:00,Annual,Total,Females,Mean equivalised net income,Euro,Norway,2019,41871,
ESTAT:ILC_DI03(1.0),06/12/24 23:00:00,Annual,Total,Females,Mean equivalised net income,Euro,Norway,2020,42191,
ESTAT:ILC_DI03(1.0),06/12/24 23:00:00,Annual,Total,Females,Mean equivalised net income,Euro,Poland,2010,5063,
ESTAT:ILC_DI03(1.0),06/12/24 23:00:00,Annual,Total,Females,Mean equivalised net income,Euro,Poland,2011,5765,
ESTAT:ILC_DI03(1.0),06/12/24 23:00:00,Annual,Total,Females,Mean equivalised net income,Euro,Poland,2012,5829,
ESTAT:ILC_DI03(1.0),06/12/24 23:00:00,Annual,Total,Females,Mean equivalised net income,Euro,Poland,2013,5932,
ESTAT:ILC_DI03(1.0),06/12/24 23:00:00,Annual,Total,Females,Mean equivalised net income,Euro,Poland,2014,6132,
ESTAT:ILC_DI03(1.0),06/12/24 23:00:00,Annual,Total,Females,Mean equivalised net income,Euro,Poland,2015,6363,
ESTAT:ILC_DI03(1.0),06/12/24 23:00:00,Annual,Total,Females,Mean equivalised net income,Euro,Poland,2016,6602,
ESTAT:ILC_DI03(1.0),06/12/24 23:00:00,Annual,Total,Females,Mean equivalised net income,Euro,Poland,2017,6760,
ESTAT:ILC_DI03(1.0),06/12/24 23:00:00,Annual,Total,Females,Mean equivalised net income,Euro,Poland,2018,7253,
ESTAT:ILC_DI03(1.0),06/12/24 23:00:00,Annual,Total,Females,Mean equivalised net income,Euro,Poland,2019,7912,
ESTAT:ILC_DI03(1.0),06/12/24 23:00:00,Annual,Total,Females,Mean equivalised net income,Euro,Poland,2020,8741,
ESTAT:ILC_DI03(1.0),06/12/24 23:00:00,Annual,Total,Females,Mean equivalised net income,Euro,Portugal,2010,10423,
ESTAT:ILC_DI03(1.0),06/12/24 23:00:00,Annual,Total,Females,Mean equivalised net income,Euro,Portugal,2011,10257,
ESTAT:ILC_DI03(1.0),06/12/24 23:00:00,Annual,Total,Females,Mean equivalised net income,Euro,Portugal,2012,10101,
ESTAT:ILC_DI03(1.0),06/12/24 23:00:00,Annual,Total,Females,Mean equivalised net income,Euro,Portugal,2013,9822,
ESTAT:ILC_DI03(1.0),06/12/24 23:00:00,Annual,Total,Females,Mean equivalised net income,Euro,Portugal,2014,9683,
ESTAT:ILC_DI03(1.0),06/12/24 23:00:00,Annual,Total,Females,Mean equivalised net income,Euro,Portugal,2015,9791,
ESTAT:ILC_DI03(1.0),06/12/24 23:00:00,Annual,Total,Females,Mean equivalised net income,Euro,Portugal,2016,10385,
ESTAT:ILC_DI03(1.0),06/12/24 23:00:00,Annual,Total,Females,Mean equivalised net income,Euro,Portugal,2017,10710,
ESTAT:ILC_DI03(1.0),06/12/24 23:00:00,Annual,Total,Females,Mean equivalised net income,Euro,Portugal,2018,10904,
ESTAT:ILC_DI03(1.0),06/12/24 23:00:00,Annual,Total,Females,Mean equivalised net income,Euro,Portugal,2019,11657,
ESTAT:ILC_DI03(1.0),06/12/24 23:00:00,Annual,Total,Females,Mean equivalised net income,Euro,Portugal,2020,12584,
ESTAT:ILC_DI03(1.0),06/12/24 23:00:00,Annual,Total,Females,Mean equivalised net income,Euro,Romania,2010,2348,
ESTAT:ILC_DI03(1.0),06/12/24 23:00:00,Annual,Total,Females,Mean equivalised net income,Euro,Romania,2011,2372,
ESTAT:ILC_DI03(1.0),06/12/24 23:00:00,Annual,Total,Females,Mean equivalised net income,Euro,Romania,2012,2333,
ESTAT:ILC_DI03(1.0),06/12/24 23:00:00,Annual,Total,Females,Mean equivalised net income,Euro,Romania,2013,2302,
ESTAT:ILC_DI03(1.0),06/12/24 23:00:00,Annual,Total,Females,Mean equivalised net income,Euro,Romania,2014,2409,
ESTAT:ILC_DI03(1.0),06/12/24 23:00:00,Annual,Total,Females,Mean equivalised net income,Euro,Romania,2015,2627,
ESTAT:ILC_DI03(1.0),06/12/24 23:00:00,Annual,Total,Females,Mean equivalised net income,Euro,Romania,2016,2708,
ESTAT:ILC_DI03(1.0),06/12/24 23:00:00,Annual,Total,Females,Mean equivalised net income,Euro,Romania,2017,3011,
ESTAT:ILC_DI03(1.0),06/12/24 23:00:00,Annual,Total,Females,Mean equivalised net income,Euro,Romania,2018,3761,
ESTAT:ILC_DI03(1.0),06/12/24 23:00:00,Annual,Total,Females,Mean equivalised net income,Euro,Romania,2019,4344,
ESTAT:ILC_DI03(1.0),06/12/24 23:00:00,Annual,Total,Females,Mean equivalised net income,Euro,Romania,2020,4770,
ESTAT:ILC_DI03(1.0),06/12/24 23:00:00,Annual,Total,Females,Mean equivalised net income,Euro,Serbia,2013,2903,
ESTAT:ILC_DI03(1.0),06/12/24 23:00:00,Annual,Total,Females,Mean equivalised net income,Euro,Serbia,2014,2842,
ESTAT:ILC_DI03(1.0),06/12/24 23:00:00,Annual,Total,Females,Mean equivalised net income,Euro,Serbia,2015,2854,
ESTAT:ILC_DI03(1.0),06/12/24 23:00:00,Annual,Total,Females,Mean equivalised net income,Euro,Serbia,2016,2859,
ESTAT:ILC_DI03(1.0),06/12/24 23:00:00,Annual,Total,Females,Mean equivalised net income,Euro,Serbia,2017,2892,
ESTAT:ILC_DI03(1.0),06/12/24 23:00:00,Annual,Total,Females,Mean equivalised net income,Euro,Serbia,2018,3024,
ESTAT:ILC_DI03(1.0),06/12/24 23:00:00,Annual,Total,Females,Mean equivalised net income,Euro,Serbia,2019,3623,
ESTAT:ILC_DI03(1.0),06/12/24 23:00:00,Annual,Total,Females,Mean equivalised net income,Euro,Serbia,2020,4233,
ESTAT:ILC_DI03(1.0),06/12/24 23:00:00,Annual,Total,Females,Mean equivalised net income,Euro,Sweden,2010,19656,
ESTAT:ILC_DI03(1.0),06/12/24 23:00:00,Annual,Total,Females,Mean equivalised net income,Euro,Sweden,2011,22509,
ESTAT:ILC_DI03(1.0),06/12/24 23:00:00,Annual,Total,Females,Mean equivalised net income,Euro,Sweden,2012,24934,
ESTAT:ILC_DI03(1.0),06/12/24 23:00:00,Annual,Total,Females,Mean equivalised net income,Euro,Sweden,2013,26531,
ESTAT:ILC_DI03(1.0),06/12/24 23:00:00,Annual,Total,Females,Mean equivalised net income,Euro,Sweden,2014,27509,
ESTAT:ILC_DI03(1.0),06/12/24 23:00:00,Annual,Total,Females,Mean equivalised net income,Euro,Sweden,2015,26724,
ESTAT:ILC_DI03(1.0),06/12/24 23:00:00,Annual,Total,Females,Mean equivalised net income,Euro,Sweden,2016,26941,
ESTAT:ILC_DI03(1.0),06/12/24 23:00:00,Annual,Total,Females,Mean equivalised net income,Euro,Sweden,2017,27808,
ESTAT:ILC_DI03(1.0),06/12/24 23:00:00,Annual,Total,Females,Mean equivalised net income,Euro,Sweden,2018,27259,
ESTAT:ILC_DI03(1.0),06/12/24 23:00:00,Annual,Total,Females,Mean equivalised net income,Euro,Sweden,2019,25718,
ESTAT:ILC_DI03(1.0),06/12/24 23:00:00,Annual,Total,Females,Mean equivalised net income,Euro,Sweden,2020,25941,
ESTAT:ILC_DI03(1.0),06/12/24 23:00:00,Annual,Total,Females,Mean equivalised net income,Euro,Slovenia,2010,12494,
ESTAT:ILC_DI03(1.0),06/12/24 23:00:00,Annual,Total,Females,Mean equivalised net income,Euro,Slovenia,2011,12717,
ESTAT:ILC_DI03(1.0),06/12/24 23:00:00,Annual,Total,Females,Mean equivalised net income,Euro,Slovenia,2012,12846,
ESTAT:ILC_DI03(1.0),06/12/24 23:00:00,Annual,Total,Females,Mean equivalised net income,Euro,Slovenia,2013,12534,
ESTAT:ILC_DI03(1.0),06/12/24 23:00:00,Annual,Total,Females,Mean equivalised net income,Euro,Slovenia,2014,12668,
ESTAT:ILC_DI03(1.0),06/12/24 23:00:00,Annual,Total,Females,Mean equivalised net income,Euro,Slovenia,2015,12966,
ESTAT:ILC_DI03(1.0),06/12/24 23:00:00,Annual,Total,Females,Mean equivalised net income,Euro,Slovenia,2016,12937,
ESTAT:ILC_DI03(1.0),06/12/24 23:00:00,Annual,Total,Females,Mean equivalised net income,Euro,Slovenia,2017,13332,
ESTAT:ILC_DI03(1.0),06/12/24 23:00:00,Annual,Total,Females,Mean equivalised net income,Euro,Slovenia,2018,13918,
ESTAT:ILC_DI03(1.0),06/12/24 23:00:00,Annual,Total,Females,Mean equivalised net income,Euro,Slovenia,2019,14985,
ESTAT:ILC_DI03(1.0),06/12/24 23:00:00,Annual,Total,Females,Mean equivalised net income,Euro,Slovenia,2020,15606,
ESTAT:ILC_DI03(1.0),06/12/24 23:00:00,Annual,Total,Females,Mean equivalised net income,Euro,Slovakia,2010,6635,
ESTAT:ILC_DI03(1.0),06/12/24 23:00:00,Annual,Total,Females,Mean equivalised net income,Euro,Slovakia,2011,6855,
ESTAT:ILC_DI03(1.0),06/12/24 23:00:00,Annual,Total,Females,Mean equivalised net income,Euro,Slovakia,2012,7416,
ESTAT:ILC_DI03(1.0),06/12/24 23:00:00,Annual,Total,Females,Mean equivalised net income,Euro,Slovakia,2013,7153,
ESTAT:ILC_DI03(1.0),06/12/24 23:00:00,Annual,Total,Females,Mean equivalised net income,Euro,Slovakia,2014,7335,
ESTAT:ILC_DI03(1.0),06/12/24 23:00:00,Annual,Total,Females,Mean equivalised net income,Euro,Slovakia,2015,7185,
ESTAT:ILC_DI03(1.0),06/12/24 23:00:00,Annual,Total,Females,Mean equivalised net income,Euro,Slovakia,2016,7281,
ESTAT:ILC_DI03(1.0),06/12/24 23:00:00,Annual,Total,Females,Mean equivalised net income,Euro,Slovakia,2017,7424,
ESTAT:ILC_DI03(1.0),06/12/24 23:00:00,Annual,Total,Females,Mean equivalised net income,Euro,Slovakia,2018,7790,
ESTAT:ILC_DI03(1.0),06/12/24 23:00:00,Annual,Total,Females,Mean equivalised net income,Euro,Slovakia,2019,8406,
ESTAT:ILC_DI03(1.0),06/12/24 23:00:00,Annual,Total,Females,Mean equivalised net income,Euro,Slovakia,2020,8904,
ESTAT:ILC_DI03(1.0),06/12/24 23:00:00,Annual,Total,Females,Mean equivalised net income,Euro,Türkiye,2010,3748,
ESTAT:ILC_DI03(1.0),06/12/24 23:00:00,Annual,Total,Females,Mean equivalised net income,Euro,Türkiye,2011,4545,
ESTAT:ILC_DI03(1.0),06/12/24 23:00:00,Annual,Total,Females,Mean equivalised net income,Euro,Türkiye,2012,4353,
ESTAT:ILC_DI03(1.0),06/12/24 23:00:00,Annual,Total,Females,Mean equivalised net income,Euro,Türkiye,2013,4644,
ESTAT:ILC_DI03(1.0),06/12/24 23:00:00,Annual,Total,Females,Mean equivalised net income,Euro,Türkiye,2014,4666,
ESTAT:ILC_DI03(1.0),06/12/24 23:00:00,Annual,Total,Females,Mean equivalised net income,Euro,Türkiye,2015,4615,
ESTAT:ILC_DI03(1.0),06/12/24 23:00:00,Annual,Total,Females,Mean equivalised net income,Euro,Türkiye,2016,5140,
ESTAT:ILC_DI03(1.0),06/12/24 23:00:00,Annual,Total,Females,Mean equivalised net income,Euro,Türkiye,2017,5367,
ESTAT:ILC_DI03(1.0),06/12/24 23:00:00,Annual,Total,Females,Mean equivalised net income,Euro,Türkiye,2018,4854,
ESTAT:ILC_DI03(1.0),06/12/24 23:00:00,Annual,Total,Females,Mean equivalised net income,Euro,Türkiye,2019,4091,
ESTAT:ILC_DI03(1.0),06/12/24 23:00:00,Annual,Total,Females,Mean equivalised net income,Euro,Türkiye,2020,4296,
ESTAT:ILC_DI03(1.0),06/12/24 23:00:00,Annual,Total,Females,Mean equivalised net income,Euro,United Kingdom,2010,20028,
ESTAT:ILC_DI03(1.0),06/12/24 23:00:00,Annual,Total,Females,Mean equivalised net income,Euro,United Kingdom,2011,20234,
ESTAT:ILC_DI03(1.0),06/12/24 23:00:00,Annual,Total,Females,Mean equivalised net income,Euro,United Kingdom,2012,22082,b
ESTAT:ILC_DI03(1.0),06/12/24 23:00:00,Annual,Total,Females,Mean equivalised net income,Euro,United Kingdom,2013,21279,
ESTAT:ILC_DI03(1.0),06/12/24 23:00:00,Annual,Total,Females,Mean equivalised net income,Euro,United Kingdom,2014,23805,
ESTAT:ILC_DI03(1.0),06/12/24 23:00:00,Annual,Total,Females,Mean equivalised net income,Euro,United Kingdom,2015,24460,
ESTAT:ILC_DI03(1.0),06/12/24 23:00:00,Annual,Total,Females,Mean equivalised net income,Euro,United Kingdom,2016,24159,
ESTAT:ILC_DI03(1.0),06/12/24 23:00:00,Annual,Total,Females,Mean equivalised net income,Euro,United Kingdom,2017,24638,b
ESTAT:ILC_DI03(1.0),06/12/24 23:00:00,Annual,Total,Females,Mean equivalised net income,Euro,United Kingdom,2018,25021,
ESTAT:ILC_DI03(1.0),06/12/24 23:00:00,Annual,Total,Females,Mean equivalised net income,Euro,Kosovo*,2018,2605,
ESTAT:ILC_DI03(1.0),06/12/24 23:00:00,Annual,Total,Males,Mean equivalised net income,Euro,Albania,2017,2163,
ESTAT:ILC_DI03(1.0),06/12/24 23:00:00,Annual,Total,Males,Mean equivalised net income,Euro,Albania,2018,2367,
ESTAT:ILC_DI03(1.0),06/12/24 23:00:00,Annual,Total,Males,Mean equivalised net income,Euro,Albania,2019,2664,
ESTAT:ILC_DI03(1.0),06/12/24 23:00:00,Annual,Total,Males,Mean equivalised net income,Euro,Albania,2020,2978,
ESTAT:ILC_DI03(1.0),06/12/24 23:00:00,Annual,Total,Males,Mean equivalised net income,Euro,Austria,2010,24209,
ESTAT:ILC_DI03(1.0),06/12/24 23:00:00,Annual,Total,Males,Mean equivalised net income,Euro,Austria,2011,24422,
ESTAT:ILC_DI03(1.0),06/12/24 23:00:00,Annual,Total,Males,Mean equivalised net income,Euro,Austria,2012,25112,
ESTAT:ILC_DI03(1.0),06/12/24 23:00:00,Annual,Total,Males,Mean equivalised net income,Euro,Austria,2013,25000,
ESTAT:ILC_DI03(1.0),06/12/24 23:00:00,Annual,Total,Males,Mean equivalised net income,Euro,Austria,2014,26649,
ESTAT:ILC_DI03(1.0),06/12/24 23:00:00,Annual,Total,Males,Mean equivalised net income,Euro,Austria,2015,26715,
ESTAT:ILC_DI03(1.0),06/12/24 23:00:00,Annual,Total,Males,Mean equivalised net income,Euro,Austria,2016,26676,
ESTAT:ILC_DI03(1.0),06/12/24 23:00:00,Annual,Total,Males,Mean equivalised net income,Euro,Austria,2017,28139,
ESTAT:ILC_DI03(1.0),06/12/24 23:00:00,Annual,Total,Males,Mean equivalised net income,Euro,Austria,2018,28381,
ESTAT:ILC_DI03(1.0),06/12/24 23:00:00,Annual,Total,Males,Mean equivalised net income,Euro,Austria,2019,29082,
ESTAT:ILC_DI03(1.0),06/12/24 23:00:00,Annual,Total,Males,Mean equivalised net income,Euro,Austria,2020,29963,
ESTAT:ILC_DI03(1.0),06/12/24 23:00:00,Annual,Total,Males,Mean equivalised net income,Euro,Belgium,2010,21803,
ESTAT:ILC_DI03(1.0),06/12/24 23:00:00,Annual,Total,Males,Mean equivalised net income,Euro,Belgium,2011,22009,
ESTAT:ILC_DI03(1.0),06/12/24 23:00:00,Annual,Total,Males,Mean equivalised net income,Euro,Belgium,2012,22350,
ESTAT:ILC_DI03(1.0),06/12/24 23:00:00,Annual,Total,Males,Mean equivalised net income,Euro,Belgium,2013,23814,
ESTAT:ILC_DI03(1.0),06/12/24 23:00:00,Annual,Total,Males,Mean equivalised net income,Euro,Belgium,2014,23926,
ESTAT:ILC_DI03(1.0),06/12/24 23:00:00,Annual,Total,Males,Mean equivalised net income,Euro,Belgium,2015,24374,
ESTAT:ILC_DI03(1.0),06/12/24 23:00:00,Annual,Total,Males,Mean equivalised net income,Euro,Belgium,2016,25044,
ESTAT:ILC_DI03(1.0),06/12/24 23:00:00,Annual,Total,Males,Mean equivalised net income,Euro,Belgium,2017,25063,
ESTAT:ILC_DI03(1.0),06/12/24 23:00:00,Annual,Total,Males,Mean equivalised net income,Euro,Belgium,2018,25720,
ESTAT:ILC_DI03(1.0),06/12/24 23:00:00,Annual,Total,Males,Mean equivalised net income,Euro,Belgium,2019,26812,b
ESTAT:ILC_DI03(1.0),06/12/24 23:00:00,Annual,Total,Males,Mean equivalised net income,Euro,Belgium,2020,28258,
ESTAT:ILC_DI03(1.0),06/12/24 23:00:00,Annual,Total,Males,Mean equivalised net income,Euro,Bulgaria,2010,3550,
ESTAT:ILC_DI03(1.0),06/12/24 23:00:00,Annual,Total,Males,Mean equivalised net income,Euro,Bulgaria,2011,3479,
ESTAT:ILC_DI03(1.0),06/12/24 23:00:00,Annual,Total,Males,Mean equivalised net income,Euro,Bulgaria,2012,3338,
ESTAT:ILC_DI03(1.0),06/12/24 23:00:00,Annual,Total,Males,Mean equivalised net income,Euro,Bulgaria,2013,3552,
ESTAT:ILC_DI03(1.0),06/12/24 23:00:00,Annual,Total,Males,Mean equivalised net income,Euro,Bulgaria,2014,3995,
ESTAT:ILC_DI03(1.0),06/12/24 23:00:00,Annual,Total,Males,Mean equivalised net income,Euro,Bulgaria,2015,4243,
ESTAT:ILC_DI03(1.0),06/12/24 23:00:00,Annual,Total,Males,Mean equivalised net income,Euro,Bulgaria,2016,3964,b
ESTAT:ILC_DI03(1.0),06/12/24 23:00:00,Annual,Total,Males,Mean equivalised net income,Euro,Bulgaria,2017,4737,
ESTAT:ILC_DI03(1.0),06/12/24 23:00:00,Annual,Total,Males,Mean equivalised net income,Euro,Bulgaria,2018,4800,
ESTAT:ILC_DI03(1.0),06/12/24 23:00:00,Annual,Total,Males,Mean equivalised net income,Euro,Bulgaria,2019,5764,
ESTAT:ILC_DI03(1.0),06/12/24 23:00:00,Annual,Total,Males,Mean equivalised net income,Euro,Bulgaria,2020,6079,
ESTAT:ILC_DI03(1.0),06/12/24 23:00:00,Annual,Total,Males,Mean equivalised net income,Euro,Switzerland,2010,36523,
ESTAT:ILC_DI03(1.0),06/12/24 23:00:00,Annual,Total,Males,Mean equivalised net income,Euro,Switzerland,2011,40403,
ESTAT:ILC_DI03(1.0),06/12/24 23:00:00,Annual,Total,Males,Mean equivalised net income,Euro,Switzerland,2012,45775,
ESTAT:ILC_DI03(1.0),06/12/24 23:00:00,Annual,Total,Males,Mean equivalised net income,Euro,Switzerland,2013,47645,
ESTAT:ILC_DI03(1.0),06/12/24 23:00:00,Annual,Total,Males,Mean equivalised net income,Euro,Switzerland,2014,45786,b
ESTAT:ILC_DI03(1.0),06/12/24 23:00:00,Annual,Total,Males,Mean equivalised net income,Euro,Switzerland,2015,46828,
ESTAT:ILC_DI03(1.0),06/12/24 23:00:00,Annual,Total,Males,Mean equivalised net income,Euro,Switzerland,2016,52411,
ESTAT:ILC_DI03(1.0),06/12/24 23:00:00,Annual,Total,Males,Mean equivalised net income,Euro,Switzerland,2017,52303,
ESTAT:ILC_DI03(1.0),06/12/24 23:00:00,Annual,Total,Males,Mean equivalised net income,Euro,Switzerland,2018,51058,
ESTAT:ILC_DI03(1.0),06/12/24 23:00:00,Annual,Total,Males,Mean equivalised net income,Euro,Switzerland,2019,49195,
ESTAT:ILC_DI03(1.0),06/12/24 23:00:00,Annual,Total,Males,Mean equivalised net income,Euro,Switzerland,2020,52216,
ESTAT:ILC_DI03(1.0),06/12/24 23:00:00,Annual,Total,Males,Mean equivalised net income,Euro,Cyprus,2010,19254,
ESTAT:ILC_DI03(1.0),06/12/24 23:00:00,Annual,Total,Males,Mean equivalised net income,Euro,Cyprus,2011,20040,
ESTAT:ILC_DI03(1.0),06/12/24 23:00:00,Annual,Total,Males,Mean equivalised net income,Euro,Cyprus,2012,20583,
ESTAT:ILC_DI03(1.0),06/12/24 23:00:00,Annual,Total,Males,Mean equivalised net income,Euro,Cyprus,2013,19789,
ESTAT:ILC_DI03(1.0),06/12/24 23:00:00,Annual,Total,Males,Mean equivalised net income,Euro,Cyprus,2014,18567,
ESTAT:ILC_DI03(1.0),06/12/24 23:00:00,Annual,Total,Males,Mean equivalised net income,Euro,Cyprus,2015,17143,
ESTAT:ILC_DI03(1.0),06/12/24 23:00:00,Annual,Total,Males,Mean equivalised net income,Euro,Cyprus,2016,17109,
ESTAT:ILC_DI03(1.0),06/12/24 23:00:00,Annual,Total,Males,Mean equivalised net income,Euro,Cyprus,2017,17379,
ESTAT:ILC_DI03(1.0),06/12/24 23:00:00,Annual,Total,Males,Mean equivalised net income,Euro,Cyprus,2018,17737,
ESTAT:ILC_DI03(1.0),06/12/24 23:00:00,Annual,Total,Males,Mean equivalised net income,Euro,Cyprus,2019,19438,
ESTAT:ILC_DI03(1.0),06/12/24 23:00:00,Annual,Total,Males,Mean equivalised net income,Euro,Cyprus,2020,19785,
ESTAT:ILC_DI03(1.0),06/12/24 23:00:00,Annual,Total,Males,Mean equivalised net income,Euro,Czechia,2010,8159,
ESTAT:ILC_DI03(1.0),06/12/24 23:00:00,Annual,Total,Males,Mean equivalised net income,Euro,Czechia,2011,8637,
ESTAT:ILC_DI03(1.0),06/12/24 23:00:00,Annual,Total,Males,Mean equivalised net income,Euro,Czechia,2012,8990,
ESTAT:ILC_DI03(1.0),06/12/24 23:00:00,Annual,Total,Males,Mean equivalised net income,Euro,Czechia,2013,8919,
ESTAT:ILC_DI03(1.0),06/12/24 23:00:00,Annual,Total,Males,Mean equivalised net income,Euro,Czechia,2014,8833,
ESTAT:ILC_DI03(1.0),06/12/24 23:00:00,Annual,Total,Males,Mean equivalised net income,Euro,Czechia,2015,8566,
ESTAT:ILC_DI03(1.0),06/12/24 23:00:00,Annual,Total,Males,Mean equivalised net income,Euro,Czechia,2016,9060,
ESTAT:ILC_DI03(1.0),06/12/24 23:00:00,Annual,Total,Males,Mean equivalised net income,Euro,Czechia,2017,9556,
ESTAT:ILC_DI03(1.0),06/12/24 23:00:00,Annual,Total,Males,Mean equivalised net income,Euro,Czechia,2018,10409,
ESTAT:ILC_DI03(1.0),06/12/24 23:00:00,Annual,Total,Males,Mean equivalised net income,Euro,Czechia,2019,11417,
ESTAT:ILC_DI03(1.0),06/12/24 23:00:00,Annual,Total,Males,Mean equivalised net income,Euro,Czechia,2020,12270,
ESTAT:ILC_DI03(1.0),06/12/24 23:00:00,Annual,Total,Males,Mean equivalised net income,Euro,Germany,2010,21937,
ESTAT:ILC_DI03(1.0),06/12/24 23:00:00,Annual,Total,Males,Mean equivalised net income,Euro,Germany,2011,22077,
ESTAT:ILC_DI03(1.0),06/12/24 23:00:00,Annual,Total,Males,Mean equivalised net income,Euro,Germany,2012,22663,
ESTAT:ILC_DI03(1.0),06/12/24 23:00:00,Annual,Total,Males,Mean equivalised net income,Euro,Germany,2013,23127,
ESTAT:ILC_DI03(1.0),06/12/24 23:00:00,Annual,Total,Males,Mean equivalised net income,Euro,Germany,2014,23131,
ESTAT:ILC_DI03(1.0),06/12/24 23:00:00,Annual,Total,Males,Mean equivalised net income,Euro,Germany,2015,24042,
ESTAT:ILC_DI03(1.0),06/12/24 23:00:00,Annual,Total,Males,Mean equivalised net income,Euro,Germany,2016,24642,
ESTAT:ILC_DI03(1.0),06/12/24 23:00:00,Annual,Total,Males,Mean equivalised net income,Euro,Germany,2017,25322,
ESTAT:ILC_DI03(1.0),06/12/24 23:00:00,Annual,Total,Males,Mean equivalised net income,Euro,Germany,2018,26298,
ESTAT:ILC_DI03(1.0),06/12/24 23:00:00,Annual,Total,Males,Mean equivalised net income,Euro,Germany,2019,26816,
ESTAT:ILC_DI03(1.0),06/12/24 23:00:00,Annual,Total,Males,Mean equivalised net income,Euro,Germany,2020,30404,b
ESTAT:ILC_DI03(1.0),06/12/24 23:00:00,Annual,Total,Males,Mean equivalised net income,Euro,Denmark,2010,27282,
ESTAT:ILC_DI03(1.0),06/12/24 23:00:00,Annual,Total,Males,Mean equivalised net income,Euro,Denmark,2011,29653,b
ESTAT:ILC_DI03(1.0),06/12/24 23:00:00,Annual,Total,Males,Mean equivalised net income,Euro,Denmark,2012,30068,
ESTAT:ILC_DI03(1.0),06/12/24 23:00:00,Annual,Total,Males,Mean equivalised net income,Euro,Denmark,2013,30682,
ESTAT:ILC_DI03(1.0),06/12/24 23:00:00,Annual,Total,Males,Mean equivalised net income,Euro,Denmark,2014,31311,
ESTAT:ILC_DI03(1.0),06/12/24 23:00:00,Annual,Total,Males,Mean equivalised net income,Euro,Denmark,2015,31844,
ESTAT:ILC_DI03(1.0),06/12/24 23:00:00,Annual,Total,Males,Mean equivalised net income,Euro,Denmark,2016,32713,
ESTAT:ILC_DI03(1.0),06/12/24 23:00:00,Annual,Total,Males,Mean equivalised net income,Euro,Denmark,2017,32751,
ESTAT:ILC_DI03(1.0),06/12/24 23:00:00,Annual,Total,Males,Mean equivalised net income,Euro,Denmark,2018,34394,
ESTAT:ILC_DI03(1.0),06/12/24 23:00:00,Annual,Total,Males,Mean equivalised net income,Euro,Denmark,2019,34623,
ESTAT:ILC_DI03(1.0),06/12/24 23:00:00,Annual,Total,Males,Mean equivalised net income,Euro,Denmark,2020,34896,b
ESTAT:ILC_DI03(1.0),06/12/24 23:00:00,Annual,Total,Males,Mean equivalised net income,Euro,Euro area - 18 countries (2014),2010,20111,
ESTAT:ILC_DI03(1.0),06/12/24 23:00:00,Annual,Total,Males,Mean equivalised net income,Euro,Euro area - 18 countries (2014),2011,20098,
ESTAT:ILC_DI03(1.0),06/12/24 23:00:00,Annual,Total,Males,Mean equivalised net income,Euro,Euro area - 18 countries (2014),2012,20365,
ESTAT:ILC_DI03(1.0),06/12/24 23:00:00,Annual,Total,Males,Mean equivalised net income,Euro,Euro area - 18 countries (2014),2013,20396,
ESTAT:ILC_DI03(1.0),06/12/24 23:00:00,Annual,Total,Males,Mean equivalised net income,Euro,Euro area - 18 countries (2014),2014,20423,
ESTAT:ILC_DI03(1.0),06/12/24 23:00:00,Annual,Total,Males,Mean equivalised net income,Euro,Euro area - 18 countries (2014),2015,20784,
ESTAT:ILC_DI03(1.0),06/12/24 23:00:00,Annual,Total,Males,Mean equivalised net income,Euro,Euro area - 18 countries (2014),2016,21265,
ESTAT:ILC_DI03(1.0),06/12/24 23:00:00,Annual,Total,Males,Mean equivalised net income,Euro,Euro area - 18 countries (2014),2017,21769,
ESTAT:ILC_DI03(1.0),06/12/24 23:00:00,Annual,Total,Males,Mean equivalised net income,Euro,Euro area - 18 countries (2014),2018,22289,
ESTAT:ILC_DI03(1.0),06/12/24 23:00:00,Annual,Total,Males,Mean equivalised net income,Euro,Euro area - 18 countries (2014),2019,22852,
ESTAT:ILC_DI03(1.0),06/12/24 23:00:00,Annual,Total,Males,Mean equivalised net income,Euro,Euro area - 18 countries (2014),2020,24242,b
ESTAT:ILC_DI03(1.0),06/12/24 23:00:00,Annual,Total,Males,Mean equivalised net income,Euro,Estonia,2010,6985,
ESTAT:ILC_DI03(1.0),06/12/24 23:00:00,Annual,Total,Males,Mean equivalised net income,Euro,Estonia,2011,6745,
ESTAT:ILC_DI03(1.0),06/12/24 23:00:00,Annual,Total,Males,Mean equivalised net income,Euro,Estonia,2012,7359,
ESTAT:ILC_DI03(1.0),06/12/24 23:00:00,Annual,Total,Males,Mean equivalised net income,Euro,Estonia,2013,8089,
ESTAT:ILC_DI03(1.0),06/12/24 23:00:00,Annual,Total,Males,Mean equivalised net income,Euro,Estonia,2014,9034,b
ESTAT:ILC_DI03(1.0),06/12/24 23:00:00,Annual,Total,Males,Mean equivalised net income,Euro,Estonia,2015,9702,
ESTAT:ILC_DI03(1.0),06/12/24 23:00:00,Annual,Total,Males,Mean equivalised net income,Euro,Estonia,2016,10398,
ESTAT:ILC_DI03(1.0),06/12/24 23:00:00,Annual,Total,Males,Mean equivalised net income,Euro,Estonia,2017,10934,
ESTAT:ILC_DI03(1.0),06/12/24 23:00:00,Annual,Total,Males,Mean equivalised net income,Euro,Estonia,2018,11991,
ESTAT:ILC_DI03(1.0),06/12/24 23:00:00,Annual,Total,Males,Mean equivalised net income,Euro,Estonia,2019,13052,
ESTAT:ILC_DI03(1.0),06/12/24 23:00:00,Annual,Total,Males,Mean equivalised net income,Euro,Estonia,2020,13982,
ESTAT:ILC_DI03(1.0),06/12/24 23:00:00,Annual,Total,Males,Mean equivalised net income,Euro,Greece,2010,14156,
ESTAT:ILC_DI03(1.0),06/12/24 23:00:00,Annual,Total,Males,Mean equivalised net income,Euro,Greece,2011,12848,
ESTAT:ILC_DI03(1.0),06/12/24 23:00:00,Annual,Total,Males,Mean equivalised net income,Euro,Greece,2012,10862,
ESTAT:ILC_DI03(1.0),06/12/24 23:00:00,Annual,Total,Males,Mean equivalised net income,Euro,Greece,2013,9510,
ESTAT:ILC_DI03(1.0),06/12/24 23:00:00,Annual,Total,Males,Mean equivalised net income,Euro,Greece,2014,8953,
ESTAT:ILC_DI03(1.0),06/12/24 23:00:00,Annual,Total,Males,Mean equivalised net income,Euro,Greece,2015,8774,
ESTAT:ILC_DI03(1.0),06/12/24 23:00:00,Annual,Total,Males,Mean equivalised net income,Euro,Greece,2016,8777,
ESTAT:ILC_DI03(1.0),06/12/24 23:00:00,Annual,Total,Males,Mean equivalised net income,Euro,Greece,2017,8892,
ESTAT:ILC_DI03(1.0),06/12/24 23:00:00,Annual,Total,Males,Mean equivalised net income,Euro,Greece,2018,9142,
ESTAT:ILC_DI03(1.0),06/12/24 23:00:00,Annual,Total,Males,Mean equivalised net income,Euro,Greece,2019,9474,
ESTAT:ILC_DI03(1.0),06/12/24 23:00:00,Annual,Total,Males,Mean equivalised net income,Euro,Greece,2020,10143,
ESTAT:ILC_DI03(1.0),06/12/24 23:00:00,Annual,Total,Males,Mean equivalised net income,Euro,Spain,2010,17128,
ESTAT:ILC_DI03(1.0),06/12/24 23:00:00,Annual,Total,Males,Mean equivalised net income,Euro,Spain,2011,16494,
ESTAT:ILC_DI03(1.0),06/12/24 23:00:00,Annual,Total,Males,Mean equivalised net income,Euro,Spain,2012,16278,
ESTAT:ILC_DI03(1.0),06/12/24 23:00:00,Annual,Total,Males,Mean equivalised net income,Euro,Spain,2013,15722,
ESTAT:ILC_DI03(1.0),06/12/24 23:00:00,Annual,Total,Males,Mean equivalised net income,Euro,Spain,2014,15536,
ESTAT:ILC_DI03(1.0),06/12/24 23:00:00,Annual,Total,Males,Mean equivalised net income,Euro,Spain,2015,15491,
ESTAT:ILC_DI03(1.0),06/12/24 23:00:00,Annual,Total,Males,Mean equivalised net income,Euro,Spain,2016,15969,
ESTAT:ILC_DI03(1.0),06/12/24 23:00:00,Annual,Total,Males,Mean equivalised net income,Euro,Spain,2017,16537,
ESTAT:ILC_DI03(1.0),06/12/24 23:00:00,Annual,Total,Males,Mean equivalised net income,Euro,Spain,2018,17187,
ESTAT:ILC_DI03(1.0),06/12/24 23:00:00,Annual,Total,Males,Mean equivalised net income,Euro,Spain,2019,17449,
ESTAT:ILC_DI03(1.0),06/12/24 23:00:00,Annual,Total,Males,Mean equivalised net income,Euro,Spain,2020,18339,
ESTAT:ILC_DI03(1.0),06/12/24 23:00:00,Annual,Total,Males,Mean equivalised net income,Euro,Finland,2010,24043,
ESTAT:ILC_DI03(1.0),06/12/24 23:00:00,Annual,Total,Males,Mean equivalised net income,Euro,Finland,2011,24630,
ESTAT:ILC_DI03(1.0),06/12/24 23:00:00,Annual,Total,Males,Mean equivalised net income,Euro,Finland,2012,25556,
ESTAT:ILC_DI03(1.0),06/12/24 23:00:00,Annual,Total,Males,Mean equivalised net income,Euro,Finland,2013,26350,
ESTAT:ILC_DI03(1.0),06/12/24 23:00:00,Annual,Total,Males,Mean equivalised net income,Euro,Finland,2014,26619,
ESTAT:ILC_DI03(1.0),06/12/24 23:00:00,Annual,Total,Males,Mean equivalised net income,Euro,Finland,2015,26626,
ESTAT:ILC_DI03(1.0),06/12/24 23:00:00,Annual,Total,Males,Mean equivalised net income,Euro,Finland,2016,26734,
ESTAT:ILC_DI03(1.0),06/12/24 23:00:00,Annual,Total,Males,Mean equivalised net income,Euro,Finland,2017,27001,
ESTAT:ILC_DI03(1.0),06/12/24 23:00:00,Annual,Total,Males,Mean equivalised net income,Euro,Finland,2018,27770,
ESTAT:ILC_DI03(1.0),06/12/24 23:00:00,Annual,Total,Males,Mean equivalised net income,Euro,Finland,2019,28449,
ESTAT:ILC_DI03(1.0),06/12/24 23:00:00,Annual,Total,Males,Mean equivalised net income,Euro,Finland,2020,29089,
ESTAT:ILC_DI03(1.0),06/12/24 23:00:00,Annual,Total,Males,Mean equivalised net income,Euro,France,2010,23813,
ESTAT:ILC_DI03(1.0),06/12/24 23:00:00,Annual,Total,Males,Mean equivalised net income,Euro,France,2011,24320,
ESTAT:ILC_DI03(1.0),06/12/24 23:00:00,Annual,Total,Males,Mean equivalised net income,Euro,France,2012,24910,
ESTAT:ILC_DI03(1.0),06/12/24 23:00:00,Annual,Total,Males,Mean equivalised net income,Euro,France,2013,25114,
ESTAT:ILC_DI03(1.0),06/12/24 23:00:00,Annual,Total,Males,Mean equivalised net income,Euro,France,2014,25062,
ESTAT:ILC_DI03(1.0),06/12/24 23:00:00,Annual,Total,Males,Mean equivalised net income,Euro,France,2015,25356,
ESTAT:ILC_DI03(1.0),06/12/24 23:00:00,Annual,Total,Males,Mean equivalised net income,Euro,France,2016,25511,
ESTAT:ILC_DI03(1.0),06/12/24 23:00:00,Annual,Total,Males,Mean equivalised net income,Euro,France,2017,25606,
ESTAT:ILC_DI03(1.0),06/12/24 23:00:00,Annual,Total,Males,Mean equivalised net income,Euro,France,2018,25437,
ESTAT:ILC_DI03(1.0),06/12/24 23:00:00,Annual,Total,Males,Mean equivalised net income,Euro,France,2019,26346,
ESTAT:ILC_DI03(1.0),06/12/24 23:00:00,Annual,Total,Males,Mean equivalised net income,Euro,France,2020,25827,b
ESTAT:ILC_DI03(1.0),06/12/24 23:00:00,Annual,Total,Males,Mean equivalised net income,Euro,Croatia,2010,6732,
ESTAT:ILC_DI03(1.0),06/12/24 23:00:00,Annual,Total,Males,Mean equivalised net income,Euro,Croatia,2011,6335,
ESTAT:ILC_DI03(1.0),06/12/24 23:00:00,Annual,Total,Males,Mean equivalised net income,Euro,Croatia,2012,5999,
ESTAT:ILC_DI03(1.0),06/12/24 23:00:00,Annual,Total,Males,Mean equivalised net income,Euro,Croatia,2013,5894,
ESTAT:ILC_DI03(1.0),06/12/24 23:00:00,Annual,Total,Males,Mean equivalised net income,Euro,Croatia,2014,5947,
ESTAT:ILC_DI03(1.0),06/12/24 23:00:00,Annual,Total,Males,Mean equivalised net income,Euro,Croatia,2015,6254,
ESTAT:ILC_DI03(1.0),06/12/24 23:00:00,Annual,Total,Males,Mean equivalised net income,Euro,Croatia,2016,6499,
ESTAT:ILC_DI03(1.0),06/12/24 23:00:00,Annual,Total,Males,Mean equivalised net income,Euro,Croatia,2017,6971,
ESTAT:ILC_DI03(1.0),06/12/24 23:00:00,Annual,Total,Males,Mean equivalised net income,Euro,Croatia,2018,7420,
ESTAT:ILC_DI03(1.0),06/12/24 23:00:00,Annual,Total,Males,Mean equivalised net income,Euro,Croatia,2019,8060,
ESTAT:ILC_DI03(1.0),06/12/24 23:00:00,Annual,Total,Males,Mean equivalised net income,Euro,Croatia,2020,8654,
ESTAT:ILC_DI03(1.0),06/12/24 23:00:00,Annual,Total,Males,Mean equivalised net income,Euro,Hungary,2010,4679,
ESTAT:ILC_DI03(1.0),06/12/24 23:00:00,Annual,Total,Males,Mean equivalised net income,Euro,Hungary,2011,5135,
ESTAT:ILC_DI03(1.0),06/12/24 23:00:00,Annual,Total,Males,Mean equivalised net income,Euro,Hungary,2012,5345,
ESTAT:ILC_DI03(1.0),06/12/24 23:00:00,Annual,Total,Males,Mean equivalised net income,Euro,Hungary,2013,5107,
ESTAT:ILC_DI03(1.0),06/12/24 23:00:00,Annual,Total,Males,Mean equivalised net income,Euro,Hungary,2014,5191,
ESTAT:ILC_DI03(1.0),06/12/24 23:00:00,Annual,Total,Males,Mean equivalised net income,Euro,Hungary,2015,5244,
ESTAT:ILC_DI03(1.0),06/12/24 23:00:00,Annual,Total,Males,Mean equivalised net income,Euro,Hungary,2016,5504,
ESTAT:ILC_DI03(1.0),06/12/24 23:00:00,Annual,Total,Males,Mean equivalised net income,Euro,Hungary,2017,5708,
ESTAT:ILC_DI03(1.0),06/12/24 23:00:00,Annual,Total,Males,Mean equivalised net income,Euro,Hungary,2018,6200,
ESTAT:ILC_DI03(1.0),06/12/24 23:00:00,Annual,Total,Males,Mean equivalised net income,Euro,Hungary,2019,6689,
ESTAT:ILC_DI03(1.0),06/12/24 23:00:00,Annual,Total,Males,Mean equivalised net income,Euro,Hungary,2020,7409,
ESTAT:ILC_DI03(1.0),06/12/24 23:00:00,Annual,Total,Males,Mean equivalised net income,Euro,Ireland,2010,24234,
ESTAT:ILC_DI03(1.0),06/12/24 23:00:00,Annual,Total,Males,Mean equivalised net income,Euro,Ireland,2011,23201,
ESTAT:ILC_DI03(1.0),06/12/24 23:00:00,Annual,Total,Males,Mean equivalised net income,Euro,Ireland,2012,22924,
ESTAT:ILC_DI03(1.0),06/12/24 23:00:00,Annual,Total,Males,Mean equivalised net income,Euro,Ireland,2013,23697,
ESTAT:ILC_DI03(1.0),06/12/24 23:00:00,Annual,Total,Males,Mean equivalised net income,Euro,Ireland,2014,23831,
ESTAT:ILC_DI03(1.0),06/12/24 23:00:00,Annual,Total,Males,Mean equivalised net income,Euro,Ireland,2015,25199,
ESTAT:ILC_DI03(1.0),06/12/24 23:00:00,Annual,Total,Males,Mean equivalised net income,Euro,Ireland,2016,25778,
ESTAT:ILC_DI03(1.0),06/12/24 23:00:00,Annual,Total,Males,Mean equivalised net income,Euro,Ireland,2017,27549,
ESTAT:ILC_DI03(1.0),06/12/24 23:00:00,Annual,Total,Males,Mean equivalised net income,Euro,Ireland,2018,28958,
ESTAT:ILC_DI03(1.0),06/12/24 23:00:00,Annual,Total,Males,Mean equivalised net income,Euro,Ireland,2019,29415,b
ESTAT:ILC_DI03(1.0),06/12/24 23:00:00,Annual,Total,Males,Mean equivalised net income,Euro,Ireland,2020,31116,b
ESTAT:ILC_DI03(1.0),06/12/24 23:00:00,Annual,Total,Males,Mean equivalised net income,Euro,Iceland,2010,20955,
ESTAT:ILC_DI03(1.0),06/12/24 23:00:00,Annual,Total,Males,Mean equivalised net income,Euro,Iceland,2011,21072,
ESTAT:ILC_DI03(1.0),06/12/24 23:00:00,Annual,Total,Males,Mean equivalised net income,Euro,Iceland,2012,21832,
ESTAT:ILC_DI03(1.0),06/12/24 23:00:00,Annual,Total,Males,Mean equivalised net income,Euro,Iceland,2013,23721,
ESTAT:ILC_DI03(1.0),06/12/24 23:00:00,Annual,Total,Males,Mean equivalised net income,Euro,Iceland,2014,24834,
ESTAT:ILC_DI03(1.0),06/12/24 23:00:00,Annual,Total,Males,Mean equivalised net income,Euro,Iceland,2015,27461,
ESTAT:ILC_DI03(1.0),06/12/24 23:00:00,Annual,Total,Males,Mean equivalised net income,Euro,Iceland,2016,31642,
ESTAT:ILC_DI03(1.0),06/12/24 23:00:00,Annual,Total,Males,Mean equivalised net income,Euro,Iceland,2017,37714,
ESTAT:ILC_DI03(1.0),06/12/24 23:00:00,Annual,Total,Males,Mean equivalised net income,Euro,Iceland,2018,43995,
ESTAT:ILC_DI03(1.0),06/12/24 23:00:00,Annual,Total,Males,Mean equivalised net income,Euro,Iceland,2019,40986,
ESTAT:ILC_DI03(1.0),06/12/24 23:00:00,Annual,Total,Males,Mean equivalised net income,Euro,Italy,2010,18747,
ESTAT:ILC_DI03(1.0),06/12/24 23:00:00,Annual,Total,Males,Mean equivalised net income,Euro,Italy,2011,18656,
ESTAT:ILC_DI03(1.0),06/12/24 23:00:00,Annual,Total,Males,Mean equivalised net income,Euro,Italy,2012,18737,
ESTAT:ILC_DI03(1.0),06/12/24 23:00:00,Annual,Total,Males,Mean equivalised net income,Euro,Italy,2013,18415,
ESTAT:ILC_DI03(1.0),06/12/24 23:00:00,Annual,Total,Males,Mean equivalised net income,Euro,Italy,2014,18352,
ESTAT:ILC_DI03(1.0),06/12/24 23:00:00,Annual,Total,Males,Mean equivalised net income,Euro,Italy,2015,18290,
ESTAT:ILC_DI03(1.0),06/12/24 23:00:00,Annual,Total,Males,Mean equivalised net income,Euro,Italy,2016,18696,
ESTAT:ILC_DI03(1.0),06/12/24 23:00:00,Annual,Total,Males,Mean equivalised net income,Euro,Italy,2017,19114,
ESTAT:ILC_DI03(1.0),06/12/24 23:00:00,Annual,Total,Males,Mean equivalised net income,Euro,Italy,2018,19582,
ESTAT:ILC_DI03(1.0),06/12/24 23:00:00,Annual,Total,Males,Mean equivalised net income,Euro,Italy,2019,19954,
ESTAT:ILC_DI03(1.0),06/12/24 23:00:00,Annual,Total,Males,Mean equivalised net income,Euro,Italy,2020,20872,
ESTAT:ILC_DI03(1.0),06/12/24 23:00:00,Annual,Total,Males,Mean equivalised net income,Euro,Lithuania,2010,5107,
ESTAT:ILC_DI03(1.0),06/12/24 23:00:00,Annual,Total,Males,Mean equivalised net income,Euro,Lithuania,2011,4630,
ESTAT:ILC_DI03(1.0),06/12/24 23:00:00,Annual,Total,Males,Mean equivalised net income,Euro,Lithuania,2012,5295,
ESTAT:ILC_DI03(1.0),06/12/24 23:00:00,Annual,Total,Males,Mean equivalised net income,Euro,Lithuania,2013,5844,
ESTAT:ILC_DI03(1.0),06/12/24 23:00:00,Annual,Total,Males,Mean equivalised net income,Euro,Lithuania,2014,6125,
ESTAT:ILC_DI03(1.0),06/12/24 23:00:00,Annual,Total,Males,Mean equivalised net income,Euro,Lithuania,2015,6628,
ESTAT:ILC_DI03(1.0),06/12/24 23:00:00,Annual,Total,Males,Mean equivalised net income,Euro,Lithuania,2016,7230,
ESTAT:ILC_DI03(1.0),06/12/24 23:00:00,Annual,Total,Males,Mean equivalised net income,Euro,Lithuania,2017,7813,
ESTAT:ILC_DI03(1.0),06/12/24 23:00:00,Annual,Total,Males,Mean equivalised net income,Euro,Lithuania,2018,8794,
ESTAT:ILC_DI03(1.0),06/12/24 23:00:00,Annual,Total,Males,Mean equivalised net income,Euro,Lithuania,2019,9601,
ESTAT:ILC_DI03(1.0),06/12/24 23:00:00,Annual,Total,Males,Mean equivalised net income,Euro,Lithuania,2020,10988,
ESTAT:ILC_DI03(1.0),06/12/24 23:00:00,Annual,Total,Males,Mean equivalised net income,Euro,Luxembourg,2010,37040,
ESTAT:ILC_DI03(1.0),06/12/24 23:00:00,Annual,Total,Males,Mean equivalised net income,Euro,Luxembourg,2011,37431,
ESTAT:ILC_DI03(1.0),06/12/24 23:00:00,Annual,Total,Males,Mean equivalised net income,Euro,Luxembourg,2012,37459,
ESTAT:ILC_DI03(1.0),06/12/24 23:00:00,Annual,Total,Males,Mean equivalised net income,Euro,Luxembourg,2013,39256,
ESTAT:ILC_DI03(1.0),06/12/24 23:00:00,Annual,Total,Males,Mean equivalised net income,Euro,Luxembourg,2014,39113,
ESTAT:ILC_DI03(1.0),06/12/24 23:00:00,Annual,Total,Males,Mean equivalised net income,Euro,Luxembourg,2015,40154,
ESTAT:ILC_DI03(1.0),06/12/24 23:00:00,Annual,Total,Males,Mean equivalised net income,Euro,Luxembourg,2016,38036,b
ESTAT:ILC_DI03(1.0),06/12/24 23:00:00,Annual,Total,Males,Mean equivalised net income,Euro,Luxembourg,2017,41689,
ESTAT:ILC_DI03(1.0),06/12/24 23:00:00,Annual,Total,Males,Mean equivalised net income,Euro,Luxembourg,2018,40523,
ESTAT:ILC_DI03(1.0),06/12/24 23:00:00,Annual,Total,Males,Mean equivalised net income,Euro,Luxembourg,2019,43400,
ESTAT:ILC_DI03(1.0),06/12/24 23:00:00,Annual,Total,Males,Mean equivalised net income,Euro,Luxembourg,2020,44019,b
ESTAT:ILC_DI03(1.0),06/12/24 23:00:00,Annual,Total,Males,Mean equivalised net income,Euro,Latvia,2010,5536,
ESTAT:ILC_DI03(1.0),06/12/24 23:00:00,Annual,Total,Males,Mean equivalised net income,Euro,Latvia,2011,5238,
ESTAT:ILC_DI03(1.0),06/12/24 23:00:00,Annual,Total,Males,Mean equivalised net income,Euro,Latvia,2012,5607,
ESTAT:ILC_DI03(1.0),06/12/24 23:00:00,Annual,Total,Males,Mean equivalised net income,Euro,Latvia,2013,5903,
ESTAT:ILC_DI03(1.0),06/12/24 23:00:00,Annual,Total,Males,Mean equivalised net income,Euro,Latvia,2014,6522,
ESTAT:ILC_DI03(1.0),06/12/24 23:00:00,Annual,Total,Males,Mean equivalised net income,Euro,Latvia,2015,7225,
ESTAT:ILC_DI03(1.0),06/12/24 23:00:00,Annual,Total,Males,Mean equivalised net income,Euro,Latvia,2016,7730,
ESTAT:ILC_DI03(1.0),06/12/24 23:00:00,Annual,Total,Males,Mean equivalised net income,Euro,Latvia,2017,8091,
ESTAT:ILC_DI03(1.0),06/12/24 23:00:00,Annual,Total,Males,Mean equivalised net income,Euro,Latvia,2018,9092,
ESTAT:ILC_DI03(1.0),06/12/24 23:00:00,Annual,Total,Males,Mean equivalised net income,Euro,Latvia,2019,10077,
ESTAT:ILC_DI03(1.0),06/12/24 23:00:00,Annual,Total,Males,Mean equivalised net income,Euro,Latvia,2020,10661,
ESTAT:ILC_DI03(1.0),06/12/24 23:00:00,Annual,Total,Males,Mean equivalised net income,Euro,Montenegro,2013,3621,
ESTAT:ILC_DI03(1.0),06/12/24 23:00:00,Annual,Total,Males,Mean equivalised net income,Euro,Montenegro,2014,3652,
ESTAT:ILC_DI03(1.0),06/12/24 23:00:00,Annual,Total,Males,Mean equivalised net income,Euro,Montenegro,2015,3758,
ESTAT:ILC_DI03(1.0),06/12/24 23:00:00,Annual,Total,Males,Mean equivalised net income,Euro,Montenegro,2016,3840,
ESTAT:ILC_DI03(1.0),06/12/24 23:00:00,Annual,Total,Males,Mean equivalised net income,Euro,Montenegro,2017,4162,
ESTAT:ILC_DI03(1.0),06/12/24 23:00:00,Annual,Total,Males,Mean equivalised net income,Euro,Montenegro,2018,4274,
ESTAT:ILC_DI03(1.0),06/12/24 23:00:00,Annual,Total,Males,Mean equivalised net income,Euro,Montenegro,2019,4276,
ESTAT:ILC_DI03(1.0),06/12/24 23:00:00,Annual,Total,Males,Mean equivalised net income,Euro,Montenegro,2020,4494,
ESTAT:ILC_DI03(1.0),06/12/24 23:00:00,Annual,Total,Males,Mean equivalised net income,Euro,North Macedonia,2012,2144,
ESTAT:ILC_DI03(1.0),06/12/24 23:00:00,Annual,Total,Males,Mean equivalised net income,Euro,North Macedonia,2013,2257,
ESTAT:ILC_DI03(1.0),06/12/24 23:00:00,Annual,Total,Males,Mean equivalised net income,Euro,North Macedonia,2014,2322,
ESTAT:ILC_DI03(1.0),06/12/24 23:00:00,Annual,Total,Males,Mean equivalised net income,Euro,North Macedonia,2015,2465,
ESTAT:ILC_DI03(1.0),06/12/24 23:00:00,Annual,Total,Males,Mean equivalised net income,Euro,North Macedonia,2016,2559,
ESTAT:ILC_DI03(1.0),06/12/24 23:00:00,Annual,Total,Males,Mean equivalised net income,Euro,North Macedonia,2017,2702,
ESTAT:ILC_DI03(1.0),06/12/24 23:00:00,Annual,Total,Males,Mean equivalised net income,Euro,North Macedonia,2018,2848,
ESTAT:ILC_DI03(1.0),06/12/24 23:00:00,Annual,Total,Males,Mean equivalised net income,Euro,North Macedonia,2019,2994,
ESTAT:ILC_DI03(1.0),06/12/24 23:00:00,Annual,Total,Males,Mean equivalised net income,Euro,North Macedonia,2020,3271,
ESTAT:ILC_DI03(1.0),06/12/24 23:00:00,Annual,Total,Males,Mean equivalised net income,Euro,Malta,2010,11947,
ESTAT:ILC_DI03(1.0),06/12/24 23:00:00,Annual,Total,Males,Mean equivalised net income,Euro,Malta,2011,12328,
ESTAT:ILC_DI03(1.0),06/12/24 23:00:00,Annual,Total,Males,Mean equivalised net income,Euro,Malta,2012,12939,
ESTAT:ILC_DI03(1.0),06/12/24 23:00:00,Annual,Total,Males,Mean equivalised net income,Euro,Malta,2013,13760,
ESTAT:ILC_DI03(1.0),06/12/24 23:00:00,Annual,Total,Males,Mean equivalised net income,Euro,Malta,2014,14549,
ESTAT:ILC_DI03(1.0),06/12/24 23:00:00,Annual,Total,Males,Mean equivalised net income,Euro,Malta,2015,15359,
ESTAT:ILC_DI03(1.0),06/12/24 23:00:00,Annual,Total,Males,Mean equivalised net income,Euro,Malta,2016,15614,
ESTAT:ILC_DI03(1.0),06/12/24 23:00:00,Annual,Total,Males,Mean equivalised net income,Euro,Malta,2017,16561,
ESTAT:ILC_DI03(1.0),06/12/24 23:00:00,Annual,Total,Males,Mean equivalised net income,Euro,Malta,2018,16933,
ESTAT:ILC_DI03(1.0),06/12/24 23:00:00,Annual,Total,Males,Mean equivalised net income,Euro,Malta,2019,17462,
ESTAT:ILC_DI03(1.0),06/12/24 23:00:00,Annual,Total,Males,Mean equivalised net income,Euro,Malta,2020,19077,
ESTAT:ILC_DI03(1.0),06/12/24 23:00:00,Annual,Total,Males,Mean equivalised net income,Euro,Netherlands,2010,22963,
ESTAT:ILC_DI03(1.0),06/12/24 23:00:00,Annual,Total,Males,Mean equivalised net income,Euro,Netherlands,2011,22843,
ESTAT:ILC_DI03(1.0),06/12/24 23:00:00,Annual,Total,Males,Mean equivalised net income,Euro,Netherlands,2012,23357,
ESTAT:ILC_DI03(1.0),06/12/24 23:00:00,Annual,Total,Males,Mean equivalised net income,Euro,Netherlands,2013,23484,
ESTAT:ILC_DI03(1.0),06/12/24 23:00:00,Annual,Total,Males,Mean equivalised net income,Euro,Netherlands,2014,23422,
ESTAT:ILC_DI03(1.0),06/12/24 23:00:00,Annual,Total,Males,Mean equivalised net income,Euro,Netherlands,2015,24246,
ESTAT:ILC_DI03(1.0),06/12/24 23:00:00,Annual,Total,Males,Mean equivalised net income,Euro,Netherlands,2016,25720,b
ESTAT:ILC_DI03(1.0),06/12/24 23:00:00,Annual,Total,Males,Mean equivalised net income,Euro,Netherlands,2017,26724,
ESTAT:ILC_DI03(1.0),06/12/24 23:00:00,Annual,Total,Males,Mean equivalised net income,Euro,Netherlands,2018,27401,
ESTAT:ILC_DI03(1.0),06/12/24 23:00:00,Annual,Total,Males,Mean equivalised net income,Euro,Netherlands,2019,27877,
ESTAT:ILC_DI03(1.0),06/12/24 23:00:00,Annual,Total,Males,Mean equivalised net income,Euro,Netherlands,2020,29971,
ESTAT:ILC_DI03(1.0),06/12/24 23:00:00,Annual,Total,Males,Mean equivalised net income,Euro,Norway,2010,35409,
ESTAT:ILC_DI03(1.0),06/12/24 23:00:00,Annual,Total,Males,Mean equivalised net income,Euro,Norway,2011,39519,
ESTAT:ILC_DI03(1.0),06/12/24 23:00:00,Annual,Total,Males,Mean equivalised net income,Euro,Norway,2012,42983,
ESTAT:ILC_DI03(1.0),06/12/24 23:00:00,Annual,Total,Males,Mean equivalised net income,Euro,Norway,2013,46190,
ESTAT:ILC_DI03(1.0),06/12/24 23:00:00,Annual,Total,Males,Mean equivalised net income,Euro,Norway,2014,47876,
ESTAT:ILC_DI03(1.0),06/12/24 23:00:00,Annual,Total,Males,Mean equivalised net income,Euro,Norway,2015,45748,
ESTAT:ILC_DI03(1.0),06/12/24 23:00:00,Annual,Total,Males,Mean equivalised net income,Euro,Norway,2016,44177,
ESTAT:ILC_DI03(1.0),06/12/24 23:00:00,Annual,Total,Males,Mean equivalised net income,Euro,Norway,2017,43118,
ESTAT:ILC_DI03(1.0),06/12/24 23:00:00,Annual,Total,Males,Mean equivalised net income,Euro,Norway,2018,42880,
ESTAT:ILC_DI03(1.0),06/12/24 23:00:00,Annual,Total,Males,Mean equivalised net income,Euro,Norway,2019,43096,
ESTAT:ILC_DI03(1.0),06/12/24 23:00:00,Annual,Total,Males,Mean equivalised net income,Euro,Norway,2020,44192,
ESTAT:ILC_DI03(1.0),06/12/24 23:00:00,Annual,Total,Males,Mean equivalised net income,Euro,Poland,2010,5174,
ESTAT:ILC_DI03(1.0),06/12/24 23:00:00,Annual,Total,Males,Mean equivalised net income,Euro,Poland,2011,5865,
ESTAT:ILC_DI03(1.0),06/12/24 23:00:00,Annual,Total,Males,Mean equivalised net income,Euro,Poland,2012,5980,
ESTAT:ILC_DI03(1.0),06/12/24 23:00:00,Annual,Total,Males,Mean equivalised net income,Euro,Poland,2013,6023,
ESTAT:ILC_DI03(1.0),06/12/24 23:00:00,Annual,Total,Males,Mean equivalised net income,Euro,Poland,2014,6197,
ESTAT:ILC_DI03(1.0),06/12/24 23:00:00,Annual,Total,Males,Mean equivalised net income,Euro,Poland,2015,6390,
ESTAT:ILC_DI03(1.0),06/12/24 23:00:00,Annual,Total,Males,Mean equivalised net income,Euro,Poland,2016,6721,
ESTAT:ILC_DI03(1.0),06/12/24 23:00:00,Annual,Total,Males,Mean equivalised net income,Euro,Poland,2017,6864,
ESTAT:ILC_DI03(1.0),06/12/24 23:00:00,Annual,Total,Males,Mean equivalised net income,Euro,Poland,2018,7427,
ESTAT:ILC_DI03(1.0),06/12/24 23:00:00,Annual,Total,Males,Mean equivalised net income,Euro,Poland,2019,8139,
ESTAT:ILC_DI03(1.0),06/12/24 23:00:00,Annual,Total,Males,Mean equivalised net income,Euro,Poland,2020,9085,
ESTAT:ILC_DI03(1.0),06/12/24 23:00:00,Annual,Total,Males,Mean equivalised net income,Euro,Portugal,2010,10665,
ESTAT:ILC_DI03(1.0),06/12/24 23:00:00,Annual,Total,Males,Mean equivalised net income,Euro,Portugal,2011,10567,
ESTAT:ILC_DI03(1.0),06/12/24 23:00:00,Annual,Total,Males,Mean equivalised net income,Euro,Portugal,2012,10366,
ESTAT:ILC_DI03(1.0),06/12/24 23:00:00,Annual,Total,Males,Mean equivalised net income,Euro,Portugal,2013,9982,
ESTAT:ILC_DI03(1.0),06/12/24 23:00:00,Annual,Total,Males,Mean equivalised net income,Euro,Portugal,2014,10047,
ESTAT:ILC_DI03(1.0),06/12/24 23:00:00,Annual,Total,Males,Mean equivalised net income,Euro,Portugal,2015,10223,
ESTAT:ILC_DI03(1.0),06/12/24 23:00:00,Annual,Total,Males,Mean equivalised net income,Euro,Portugal,2016,10757,
ESTAT:ILC_DI03(1.0),06/12/24 23:00:00,Annual,Total,Males,Mean equivalised net income,Euro,Portugal,2017,11033,
ESTAT:ILC_DI03(1.0),06/12/24 23:00:00,Annual,Total,Males,Mean equivalised net income,Euro,Portugal,2018,11239,
ESTAT:ILC_DI03(1.0),06/12/24 23:00:00,Annual,Total,Males,Mean equivalised net income,Euro,Portugal,2019,11929,
ESTAT:ILC_DI03(1.0),06/12/24 23:00:00,Annual,Total,Males,Mean equivalised net income,Euro,Portugal,2020,12821,
ESTAT:ILC_DI03(1.0),06/12/24 23:00:00,Annual,Total,Males,Mean equivalised net income,Euro,Romania,2010,2396,
ESTAT:ILC_DI03(1.0),06/12/24 23:00:00,Annual,Total,Males,Mean equivalised net income,Euro,Romania,2011,2432,
ESTAT:ILC_DI03(1.0),06/12/24 23:00:00,Annual,Total,Males,Mean equivalised net income,Euro,Romania,2012,2380,
ESTAT:ILC_DI03(1.0),06/12/24 23:00:00,Annual,Total,Males,Mean equivalised net income,Euro,Romania,2013,2347,
ESTAT:ILC_DI03(1.0),06/12/24 23:00:00,Annual,Total,Males,Mean equivalised net income,Euro,Romania,2014,2478,
ESTAT:ILC_DI03(1.0),06/12/24 23:00:00,Annual,Total,Males,Mean equivalised net income,Euro,Romania,2015,2724,
ESTAT:ILC_DI03(1.0),06/12/24 23:00:00,Annual,Total,Males,Mean equivalised net income,Euro,Romania,2016,2786,
ESTAT:ILC_DI03(1.0),06/12/24 23:00:00,Annual,Total,Males,Mean equivalised net income,Euro,Romania,2017,3109,
ESTAT:ILC_DI03(1.0),06/12/24 23:00:00,Annual,Total,Males,Mean equivalised net income,Euro,Romania,2018,3891,
ESTAT:ILC_DI03(1.0),06/12/24 23:00:00,Annual,Total,Males,Mean equivalised net income,Euro,Romania,2019,4496,
ESTAT:ILC_DI03(1.0),06/12/24 23:00:00,Annual,Total,Males,Mean equivalised net income,Euro,Romania,2020,4925,
ESTAT:ILC_DI03(1.0),06/12/24 23:00:00,Annual,Total,Males,Mean equivalised net income,Euro,Serbia,2013,2889,
ESTAT:ILC_DI03(1.0),06/12/24 23:00:00,Annual,Total,Males,Mean equivalised net income,Euro,Serbia,2014,2836,
ESTAT:ILC_DI03(1.0),06/12/24 23:00:00,Annual,Total,Males,Mean equivalised net income,Euro,Serbia,2015,2822,
ESTAT:ILC_DI03(1.0),06/12/24 23:00:00,Annual,Total,Males,Mean equivalised net income,Euro,Serbia,2016,2840,
ESTAT:ILC_DI03(1.0),06/12/24 23:00:00,Annual,Total,Males,Mean equivalised net income,Euro,Serbia,2017,2940,
ESTAT:ILC_DI03(1.0),06/12/24 23:00:00,Annual,Total,Males,Mean equivalised net income,Euro,Serbia,2018,3057,
ESTAT:ILC_DI03(1.0),06/12/24 23:00:00,Annual,Total,Males,Mean equivalised net income,Euro,Serbia,2019,3708,
ESTAT:ILC_DI03(1.0),06/12/24 23:00:00,Annual,Total,Males,Mean equivalised net income,Euro,Serbia,2020,4331,
ESTAT:ILC_DI03(1.0),06/12/24 23:00:00,Annual,Total,Males,Mean equivalised net income,Euro,Sweden,2010,20488,
ESTAT:ILC_DI03(1.0),06/12/24 23:00:00,Annual,Total,Males,Mean equivalised net income,Euro,Sweden,2011,23497,
ESTAT:ILC_DI03(1.0),06/12/24 23:00:00,Annual,Total,Males,Mean equivalised net income,Euro,Sweden,2012,25774,
ESTAT:ILC_DI03(1.0),06/12/24 23:00:00,Annual,Total,Males,Mean equivalised net income,Euro,Sweden,2013,27661,
ESTAT:ILC_DI03(1.0),06/12/24 23:00:00,Annual,Total,Males,Mean equivalised net income,Euro,Sweden,2014,28362,
ESTAT:ILC_DI03(1.0),06/12/24 23:00:00,Annual,Total,Males,Mean equivalised net income,Euro,Sweden,2015,27713,
ESTAT:ILC_DI03(1.0),06/12/24 23:00:00,Annual,Total,Males,Mean equivalised net income,Euro,Sweden,2016,27752,
ESTAT:ILC_DI03(1.0),06/12/24 23:00:00,Annual,Total,Males,Mean equivalised net income,Euro,Sweden,2017,27971,
ESTAT:ILC_DI03(1.0),06/12/24 23:00:00,Annual,Total,Males,Mean equivalised net income,Euro,Sweden,2018,28142,
ESTAT:ILC_DI03(1.0),06/12/24 23:00:00,Annual,Total,Males,Mean equivalised net income,Euro,Sweden,2019,26988,
ESTAT:ILC_DI03(1.0),06/12/24 23:00:00,Annual,Total,Males,Mean equivalised net income,Euro,Sweden,2020,27343,
ESTAT:ILC_DI03(1.0),06/12/24 23:00:00,Annual,Total,Males,Mean equivalised net income,Euro,Slovenia,2010,12815,
ESTAT:ILC_DI03(1.0),06/12/24 23:00:00,Annual,Total,Males,Mean equivalised net income,Euro,Slovenia,2011,13057,
ESTAT:ILC_DI03(1.0),06/12/24 23:00:00,Annual,Total,Males,Mean equivalised net income,Euro,Slovenia,2012,13100,
ESTAT:ILC_DI03(1.0),06/12/24 23:00:00,Annual,Total,Males,Mean equivalised net income,Euro,Slovenia,2013,12881,
ESTAT:ILC_DI03(1.0),06/12/24 23:00:00,Annual,Total,Males,Mean equivalised net income,Euro,Slovenia,2014,13021,
ESTAT:ILC_DI03(1.0),06/12/24 23:00:00,Annual,Total,Males,Mean equivalised net income,Euro,Slovenia,2015,13459,
ESTAT:ILC_DI03(1.0),06/12/24 23:00:00,Annual,Total,Males,Mean equivalised net income,Euro,Slovenia,2016,13453,
ESTAT:ILC_DI03(1.0),06/12/24 23:00:00,Annual,Total,Males,Mean equivalised net income,Euro,Slovenia,2017,13840,
ESTAT:ILC_DI03(1.0),06/12/24 23:00:00,Annual,Total,Males,Mean equivalised net income,Euro,Slovenia,2018,14339,
ESTAT:ILC_DI03(1.0),06/12/24 23:00:00,Annual,Total,Males,Mean equivalised net income,Euro,Slovenia,2019,15489,
ESTAT:ILC_DI03(1.0),06/12/24 23:00:00,Annual,Total,Males,Mean equivalised net income,Euro,Slovenia,2020,16063,
ESTAT:ILC_DI03(1.0),06/12/24 23:00:00,Annual,Total,Males,Mean equivalised net income,Euro,Slovakia,2010,6943,
ESTAT:ILC_DI03(1.0),06/12/24 23:00:00,Annual,Total,Males,Mean equivalised net income,Euro,Slovakia,2011,7110,
ESTAT:ILC_DI03(1.0),06/12/24 23:00:00,Annual,Total,Males,Mean equivalised net income,Euro,Slovakia,2012,7703,
ESTAT:ILC_DI03(1.0),06/12/24 23:00:00,Annual,Total,Males,Mean equivalised net income,Euro,Slovakia,2013,7385,
ESTAT:ILC_DI03(1.0),06/12/24 23:00:00,Annual,Total,Males,Mean equivalised net income,Euro,Slovakia,2014,7642,
ESTAT:ILC_DI03(1.0),06/12/24 23:00:00,Annual,Total,Males,Mean equivalised net income,Euro,Slovakia,2015,7406,
ESTAT:ILC_DI03(1.0),06/12/24 23:00:00,Annual,Total,Males,Mean equivalised net income,Euro,Slovakia,2016,7507,
ESTAT:ILC_DI03(1.0),06/12/24 23:00:00,Annual,Total,Males,Mean equivalised net income,Euro,Slovakia,2017,7561,
ESTAT:ILC_DI03(1.0),06/12/24 23:00:00,Annual,Total,Males,Mean equivalised net income,Euro,Slovakia,2018,7953,
ESTAT:ILC_DI03(1.0),06/12/24 23:00:00,Annual,Total,Males,Mean equivalised net income,Euro,Slovakia,2019,8647,
ESTAT:ILC_DI03(1.0),06/12/24 23:00:00,Annual,Total,Males,Mean equivalised net income,Euro,Slovakia,2020,9107,
ESTAT:ILC_DI03(1.0),06/12/24 23:00:00,Annual,Total,Males,Mean equivalised net income,Euro,Türkiye,2010,3849,
ESTAT:ILC_DI03(1.0),06/12/24 23:00:00,Annual,Total,Males,Mean equivalised net income,Euro,Türkiye,2011,4664,
ESTAT:ILC_DI03(1.0),06/12/24 23:00:00,Annual,Total,Males,Mean equivalised net income,Euro,Türkiye,2012,4465,
ESTAT:ILC_DI03(1.0),06/12/24 23:00:00,Annual,Total,Males,Mean equivalised net income,Euro,Türkiye,2013,4757,
ESTAT:ILC_DI03(1.0),06/12/24 23:00:00,Annual,Total,Males,Mean equivalised net income,Euro,Türkiye,2014,4788,
ESTAT:ILC_DI03(1.0),06/12/24 23:00:00,Annual,Total,Males,Mean equivalised net income,Euro,Türkiye,2015,4696,
ESTAT:ILC_DI03(1.0),06/12/24 23:00:00,Annual,Total,Males,Mean equivalised net income,Euro,Türkiye,2016,5275,
ESTAT:ILC_DI03(1.0),06/12/24 23:00:00,Annual,Total,Males,Mean equivalised net income,Euro,Türkiye,2017,5500,
ESTAT:ILC_DI03(1.0),06/12/24 23:00:00,Annual,Total,Males,Mean equivalised net income,Euro,Türkiye,2018,4975,
ESTAT:ILC_DI03(1.0),06/12/24 23:00:00,Annual,Total,Males,Mean equivalised net income,Euro,Türkiye,2019,4135,
ESTAT:ILC_DI03(1.0),06/12/24 23:00:00,Annual,Total,Males,Mean equivalised net income,Euro,Türkiye,2020,4413,
ESTAT:ILC_DI03(1.0),06/12/24 23:00:00,Annual,Total,Males,Mean equivalised net income,Euro,United Kingdom,2010,21017,
ESTAT:ILC_DI03(1.0),06/12/24 23:00:00,Annual,Total,Males,Mean equivalised net income,Euro,United Kingdom,2011,21350,
ESTAT:ILC_DI03(1.0),06/12/24 23:00:00,Annual,Total,Males,Mean equivalised net income,Euro,United Kingdom,2012,22719,b
ESTAT:ILC_DI03(1.0),06/12/24 23:00:00,Annual,Total,Males,Mean equivalised net income,Euro,United Kingdom,2013,22041,
ESTAT:ILC_DI03(1.0),06/12/24 23:00:00,Annual,Total,Males,Mean equivalised net income,Euro,United Kingdom,2014,24478,
ESTAT:ILC_DI03(1.0),06/12/24 23:00:00,Annual,Total,Males,Mean equivalised net income,Euro,United Kingdom,2015,25602,
ESTAT:ILC_DI03(1.0),06/12/24 23:00:00,Annual,Total,Males,Mean equivalised net income,Euro,United Kingdom,2016,25057,
ESTAT:ILC_DI03(1.0),06/12/24 23:00:00,Annual,Total,Males,Mean equivalised net income,Euro,United Kingdom,2017,25869,b
ESTAT:ILC_DI03(1.0),06/12/24 23:00:00,Annual,Total,Males,Mean equivalised net income,Euro,United Kingdom,2018,26279,
ESTAT:ILC_DI03(1.0),06/12/24 23:00:00,Annual,Total,Males,Mean equivalised net income,Euro,Kosovo*,2018,2665,
