DATAFLOW,LAST UPDATE,freq,hhtyp,incgrp,unit,geo,TIME_PERIOD,OBS_VALUE,OBS_FLAG
ESTAT:ILC_MDES04(1.0),06/12/24 23:00:00,Annual,Total,Total,Percentage,Albania,2017,53.0,
ESTAT:ILC_MDES04(1.0),06/12/24 23:00:00,Annual,Total,Total,Percentage,Albania,2018,47.0,
ESTAT:ILC_MDES04(1.0),06/12/24 23:00:00,Annual,Total,Total,Percentage,Albania,2019,44.3,
ESTAT:ILC_MDES04(1.0),06/12/24 23:00:00,Annual,Total,Total,Percentage,Albania,2020,38.3,
ESTAT:ILC_MDES04(1.0),06/12/24 23:00:00,Annual,Total,Total,Percentage,Albania,2021,40.4,
ESTAT:ILC_MDES04(1.0),06/12/24 23:00:00,Annual,Total,Total,Percentage,Austria,2003,8.8,
ESTAT:ILC_MDES04(1.0),06/12/24 23:00:00,Annual,Total,Total,Percentage,Austria,2004,21.8,
ESTAT:ILC_MDES04(1.0),06/12/24 23:00:00,Annual,Total,Total,Percentage,Austria,2005,26.6,
ESTAT:ILC_MDES04(1.0),06/12/24 23:00:00,Annual,Total,Total,Percentage,Austria,2006,26.5,
ESTAT:ILC_MDES04(1.0),06/12/24 23:00:00,Annual,Total,Total,Percentage,Austria,2007,28.7,
ESTAT:ILC_MDES04(1.0),06/12/24 23:00:00,Annual,Total,Total,Percentage,Austria,2008,28.7,b
ESTAT:ILC_MDES04(1.0),06/12/24 23:00:00,Annual,Total,Total,Percentage,Austria,2009,24.4,
ESTAT:ILC_MDES04(1.0),06/12/24 23:00:00,Annual,Total,Total,Percentage,Austria,2010,25.0,
ESTAT:ILC_MDES04(1.0),06/12/24 23:00:00,Annual,Total,Total,Percentage,Austria,2011,23.6,
ESTAT:ILC_MDES04(1.0),06/12/24 23:00:00,Annual,Total,Total,Percentage,Austria,2012,22.2,
ESTAT:ILC_MDES04(1.0),06/12/24 23:00:00,Annual,Total,Total,Percentage,Austria,2013,23.2,
ESTAT:ILC_MDES04(1.0),06/12/24 23:00:00,Annual,Total,Total,Percentage,Austria,2014,23.9,
ESTAT:ILC_MDES04(1.0),06/12/24 23:00:00,Annual,Total,Total,Percentage,Austria,2015,22.6,
ESTAT:ILC_MDES04(1.0),06/12/24 23:00:00,Annual,Total,Total,Percentage,Austria,2016,22.6,
ESTAT:ILC_MDES04(1.0),06/12/24 23:00:00,Annual,Total,Total,Percentage,Austria,2017,20.6,
ESTAT:ILC_MDES04(1.0),06/12/24 23:00:00,Annual,Total,Total,Percentage,Austria,2018,20.1,
ESTAT:ILC_MDES04(1.0),06/12/24 23:00:00,Annual,Total,Total,Percentage,Austria,2019,18.5,
ESTAT:ILC_MDES04(1.0),06/12/24 23:00:00,Annual,Total,Total,Percentage,Austria,2020,17.6,
ESTAT:ILC_MDES04(1.0),06/12/24 23:00:00,Annual,Total,Total,Percentage,Austria,2021,18.6,
ESTAT:ILC_MDES04(1.0),06/12/24 23:00:00,Annual,Total,Total,Percentage,Austria,2022,19.0,
ESTAT:ILC_MDES04(1.0),06/12/24 23:00:00,Annual,Total,Total,Percentage,Austria,2023,22.8,
ESTAT:ILC_MDES04(1.0),06/12/24 23:00:00,Annual,Total,Total,Percentage,Belgium,2003,29.8,
ESTAT:ILC_MDES04(1.0),06/12/24 23:00:00,Annual,Total,Total,Percentage,Belgium,2004,28.4,
ESTAT:ILC_MDES04(1.0),06/12/24 23:00:00,Annual,Total,Total,Percentage,Belgium,2005,23.0,
ESTAT:ILC_MDES04(1.0),06/12/24 23:00:00,Annual,Total,Total,Percentage,Belgium,2006,21.1,
ESTAT:ILC_MDES04(1.0),06/12/24 23:00:00,Annual,Total,Total,Percentage,Belgium,2007,20.9,
ESTAT:ILC_MDES04(1.0),06/12/24 23:00:00,Annual,Total,Total,Percentage,Belgium,2008,23.9,
ESTAT:ILC_MDES04(1.0),06/12/24 23:00:00,Annual,Total,Total,Percentage,Belgium,2009,23.8,
ESTAT:ILC_MDES04(1.0),06/12/24 23:00:00,Annual,Total,Total,Percentage,Belgium,2010,25.4,
ESTAT:ILC_MDES04(1.0),06/12/24 23:00:00,Annual,Total,Total,Percentage,Belgium,2011,26.1,
ESTAT:ILC_MDES04(1.0),06/12/24 23:00:00,Annual,Total,Total,Percentage,Belgium,2012,25.2,
ESTAT:ILC_MDES04(1.0),06/12/24 23:00:00,Annual,Total,Total,Percentage,Belgium,2013,24.2,
ESTAT:ILC_MDES04(1.0),06/12/24 23:00:00,Annual,Total,Total,Percentage,Belgium,2014,24.0,
ESTAT:ILC_MDES04(1.0),06/12/24 23:00:00,Annual,Total,Total,Percentage,Belgium,2015,25.7,
ESTAT:ILC_MDES04(1.0),06/12/24 23:00:00,Annual,Total,Total,Percentage,Belgium,2016,26.0,
ESTAT:ILC_MDES04(1.0),06/12/24 23:00:00,Annual,Total,Total,Percentage,Belgium,2017,25.5,
ESTAT:ILC_MDES04(1.0),06/12/24 23:00:00,Annual,Total,Total,Percentage,Belgium,2018,24.5,
ESTAT:ILC_MDES04(1.0),06/12/24 23:00:00,Annual,Total,Total,Percentage,Belgium,2019,25.3,b
ESTAT:ILC_MDES04(1.0),06/12/24 23:00:00,Annual,Total,Total,Percentage,Belgium,2020,23.3,
ESTAT:ILC_MDES04(1.0),06/12/24 23:00:00,Annual,Total,Total,Percentage,Belgium,2021,22.3,
ESTAT:ILC_MDES04(1.0),06/12/24 23:00:00,Annual,Total,Total,Percentage,Belgium,2022,22.7,
ESTAT:ILC_MDES04(1.0),06/12/24 23:00:00,Annual,Total,Total,Percentage,Belgium,2023,21.4,
ESTAT:ILC_MDES04(1.0),06/12/24 23:00:00,Annual,Total,Total,Percentage,Bulgaria,2005,76.8,
ESTAT:ILC_MDES04(1.0),06/12/24 23:00:00,Annual,Total,Total,Percentage,Bulgaria,2006,76.8,
ESTAT:ILC_MDES04(1.0),06/12/24 23:00:00,Annual,Total,Total,Percentage,Bulgaria,2007,79.2,
ESTAT:ILC_MDES04(1.0),06/12/24 23:00:00,Annual,Total,Total,Percentage,Bulgaria,2008,57.4,
ESTAT:ILC_MDES04(1.0),06/12/24 23:00:00,Annual,Total,Total,Percentage,Bulgaria,2009,58.4,
ESTAT:ILC_MDES04(1.0),06/12/24 23:00:00,Annual,Total,Total,Percentage,Bulgaria,2010,65.0,
ESTAT:ILC_MDES04(1.0),06/12/24 23:00:00,Annual,Total,Total,Percentage,Bulgaria,2011,65.3,
ESTAT:ILC_MDES04(1.0),06/12/24 23:00:00,Annual,Total,Total,Percentage,Bulgaria,2012,68.6,
ESTAT:ILC_MDES04(1.0),06/12/24 23:00:00,Annual,Total,Total,Percentage,Bulgaria,2013,64.1,
ESTAT:ILC_MDES04(1.0),06/12/24 23:00:00,Annual,Total,Total,Percentage,Bulgaria,2014,49.6,b
ESTAT:ILC_MDES04(1.0),06/12/24 23:00:00,Annual,Total,Total,Percentage,Bulgaria,2015,53.4,
ESTAT:ILC_MDES04(1.0),06/12/24 23:00:00,Annual,Total,Total,Percentage,Bulgaria,2016,54.2,b
ESTAT:ILC_MDES04(1.0),06/12/24 23:00:00,Annual,Total,Total,Percentage,Bulgaria,2017,53.2,
ESTAT:ILC_MDES04(1.0),06/12/24 23:00:00,Annual,Total,Total,Percentage,Bulgaria,2018,32.1,
ESTAT:ILC_MDES04(1.0),06/12/24 23:00:00,Annual,Total,Total,Percentage,Bulgaria,2019,36.5,
ESTAT:ILC_MDES04(1.0),06/12/24 23:00:00,Annual,Total,Total,Percentage,Bulgaria,2020,43.5,
ESTAT:ILC_MDES04(1.0),06/12/24 23:00:00,Annual,Total,Total,Percentage,Bulgaria,2021,36.4,
ESTAT:ILC_MDES04(1.0),06/12/24 23:00:00,Annual,Total,Total,Percentage,Bulgaria,2022,42.4,
ESTAT:ILC_MDES04(1.0),06/12/24 23:00:00,Annual,Total,Total,Percentage,Bulgaria,2023,46.7,
ESTAT:ILC_MDES04(1.0),06/12/24 23:00:00,Annual,Total,Total,Percentage,Switzerland,2007,21.7,
ESTAT:ILC_MDES04(1.0),06/12/24 23:00:00,Annual,Total,Total,Percentage,Switzerland,2008,21.0,
ESTAT:ILC_MDES04(1.0),06/12/24 23:00:00,Annual,Total,Total,Percentage,Switzerland,2009,21.0,
ESTAT:ILC_MDES04(1.0),06/12/24 23:00:00,Annual,Total,Total,Percentage,Switzerland,2010,21.1,
ESTAT:ILC_MDES04(1.0),06/12/24 23:00:00,Annual,Total,Total,Percentage,Switzerland,2011,18.5,
ESTAT:ILC_MDES04(1.0),06/12/24 23:00:00,Annual,Total,Total,Percentage,Switzerland,2012,17.1,
ESTAT:ILC_MDES04(1.0),06/12/24 23:00:00,Annual,Total,Total,Percentage,Switzerland,2013,19.3,
ESTAT:ILC_MDES04(1.0),06/12/24 23:00:00,Annual,Total,Total,Percentage,Switzerland,2014,21.3,b
ESTAT:ILC_MDES04(1.0),06/12/24 23:00:00,Annual,Total,Total,Percentage,Switzerland,2015,21.5,
ESTAT:ILC_MDES04(1.0),06/12/24 23:00:00,Annual,Total,Total,Percentage,Switzerland,2016,21.1,
ESTAT:ILC_MDES04(1.0),06/12/24 23:00:00,Annual,Total,Total,Percentage,Switzerland,2017,20.7,
ESTAT:ILC_MDES04(1.0),06/12/24 23:00:00,Annual,Total,Total,Percentage,Switzerland,2018,20.4,
ESTAT:ILC_MDES04(1.0),06/12/24 23:00:00,Annual,Total,Total,Percentage,Switzerland,2019,20.3,
ESTAT:ILC_MDES04(1.0),06/12/24 23:00:00,Annual,Total,Total,Percentage,Switzerland,2020,19.4,
ESTAT:ILC_MDES04(1.0),06/12/24 23:00:00,Annual,Total,Total,Percentage,Switzerland,2021,18.6,
ESTAT:ILC_MDES04(1.0),06/12/24 23:00:00,Annual,Total,Total,Percentage,Switzerland,2022,18.4,
ESTAT:ILC_MDES04(1.0),06/12/24 23:00:00,Annual,Total,Total,Percentage,Switzerland,2023,18.8,
ESTAT:ILC_MDES04(1.0),06/12/24 23:00:00,Annual,Total,Total,Percentage,Cyprus,2005,43.5,
ESTAT:ILC_MDES04(1.0),06/12/24 23:00:00,Annual,Total,Total,Percentage,Cyprus,2006,43.1,
ESTAT:ILC_MDES04(1.0),06/12/24 23:00:00,Annual,Total,Total,Percentage,Cyprus,2007,42.0,
ESTAT:ILC_MDES04(1.0),06/12/24 23:00:00,Annual,Total,Total,Percentage,Cyprus,2008,40.1,b
ESTAT:ILC_MDES04(1.0),06/12/24 23:00:00,Annual,Total,Total,Percentage,Cyprus,2009,41.3,
ESTAT:ILC_MDES04(1.0),06/12/24 23:00:00,Annual,Total,Total,Percentage,Cyprus,2010,49.9,
ESTAT:ILC_MDES04(1.0),06/12/24 23:00:00,Annual,Total,Total,Percentage,Cyprus,2011,52.9,
ESTAT:ILC_MDES04(1.0),06/12/24 23:00:00,Annual,Total,Total,Percentage,Cyprus,2012,50.5,
ESTAT:ILC_MDES04(1.0),06/12/24 23:00:00,Annual,Total,Total,Percentage,Cyprus,2013,54.3,
ESTAT:ILC_MDES04(1.0),06/12/24 23:00:00,Annual,Total,Total,Percentage,Cyprus,2014,59.8,
ESTAT:ILC_MDES04(1.0),06/12/24 23:00:00,Annual,Total,Total,Percentage,Cyprus,2015,60.5,
ESTAT:ILC_MDES04(1.0),06/12/24 23:00:00,Annual,Total,Total,Percentage,Cyprus,2016,56.6,
ESTAT:ILC_MDES04(1.0),06/12/24 23:00:00,Annual,Total,Total,Percentage,Cyprus,2017,50.1,
ESTAT:ILC_MDES04(1.0),06/12/24 23:00:00,Annual,Total,Total,Percentage,Cyprus,2018,49.5,
ESTAT:ILC_MDES04(1.0),06/12/24 23:00:00,Annual,Total,Total,Percentage,Cyprus,2019,47.5,
ESTAT:ILC_MDES04(1.0),06/12/24 23:00:00,Annual,Total,Total,Percentage,Cyprus,2020,44.6,
ESTAT:ILC_MDES04(1.0),06/12/24 23:00:00,Annual,Total,Total,Percentage,Cyprus,2021,43.4,
ESTAT:ILC_MDES04(1.0),06/12/24 23:00:00,Annual,Total,Total,Percentage,Cyprus,2022,39.7,
ESTAT:ILC_MDES04(1.0),06/12/24 23:00:00,Annual,Total,Total,Percentage,Cyprus,2023,37.6,
ESTAT:ILC_MDES04(1.0),06/12/24 23:00:00,Annual,Total,Total,Percentage,Czechia,2005,42.9,
ESTAT:ILC_MDES04(1.0),06/12/24 23:00:00,Annual,Total,Total,Percentage,Czechia,2006,40.3,
ESTAT:ILC_MDES04(1.0),06/12/24 23:00:00,Annual,Total,Total,Percentage,Czechia,2007,38.5,
ESTAT:ILC_MDES04(1.0),06/12/24 23:00:00,Annual,Total,Total,Percentage,Czechia,2008,37.9,
ESTAT:ILC_MDES04(1.0),06/12/24 23:00:00,Annual,Total,Total,Percentage,Czechia,2009,37.9,
ESTAT:ILC_MDES04(1.0),06/12/24 23:00:00,Annual,Total,Total,Percentage,Czechia,2010,37.9,
ESTAT:ILC_MDES04(1.0),06/12/24 23:00:00,Annual,Total,Total,Percentage,Czechia,2011,40.4,
ESTAT:ILC_MDES04(1.0),06/12/24 23:00:00,Annual,Total,Total,Percentage,Czechia,2012,42.4,
ESTAT:ILC_MDES04(1.0),06/12/24 23:00:00,Annual,Total,Total,Percentage,Czechia,2013,41.7,
ESTAT:ILC_MDES04(1.0),06/12/24 23:00:00,Annual,Total,Total,Percentage,Czechia,2014,40.8,
ESTAT:ILC_MDES04(1.0),06/12/24 23:00:00,Annual,Total,Total,Percentage,Czechia,2015,36.0,
ESTAT:ILC_MDES04(1.0),06/12/24 23:00:00,Annual,Total,Total,Percentage,Czechia,2016,32.1,
ESTAT:ILC_MDES04(1.0),06/12/24 23:00:00,Annual,Total,Total,Percentage,Czechia,2017,28.1,
ESTAT:ILC_MDES04(1.0),06/12/24 23:00:00,Annual,Total,Total,Percentage,Czechia,2018,23.7,
ESTAT:ILC_MDES04(1.0),06/12/24 23:00:00,Annual,Total,Total,Percentage,Czechia,2019,21.8,
ESTAT:ILC_MDES04(1.0),06/12/24 23:00:00,Annual,Total,Total,Percentage,Czechia,2020,19.6,
ESTAT:ILC_MDES04(1.0),06/12/24 23:00:00,Annual,Total,Total,Percentage,Czechia,2021,18.1,
ESTAT:ILC_MDES04(1.0),06/12/24 23:00:00,Annual,Total,Total,Percentage,Czechia,2022,17.5,
ESTAT:ILC_MDES04(1.0),06/12/24 23:00:00,Annual,Total,Total,Percentage,Czechia,2023,19.7,
ESTAT:ILC_MDES04(1.0),06/12/24 23:00:00,Annual,Total,Total,Percentage,Germany,2005,24.7,
ESTAT:ILC_MDES04(1.0),06/12/24 23:00:00,Annual,Total,Total,Percentage,Germany,2006,41.0,
ESTAT:ILC_MDES04(1.0),06/12/24 23:00:00,Annual,Total,Total,Percentage,Germany,2007,36.5,
ESTAT:ILC_MDES04(1.0),06/12/24 23:00:00,Annual,Total,Total,Percentage,Germany,2008,34.9,
ESTAT:ILC_MDES04(1.0),06/12/24 23:00:00,Annual,Total,Total,Percentage,Germany,2009,34.6,
ESTAT:ILC_MDES04(1.0),06/12/24 23:00:00,Annual,Total,Total,Percentage,Germany,2010,33.7,
ESTAT:ILC_MDES04(1.0),06/12/24 23:00:00,Annual,Total,Total,Percentage,Germany,2011,34.5,
ESTAT:ILC_MDES04(1.0),06/12/24 23:00:00,Annual,Total,Total,Percentage,Germany,2012,33.4,
ESTAT:ILC_MDES04(1.0),06/12/24 23:00:00,Annual,Total,Total,Percentage,Germany,2013,32.9,
ESTAT:ILC_MDES04(1.0),06/12/24 23:00:00,Annual,Total,Total,Percentage,Germany,2014,32.6,
ESTAT:ILC_MDES04(1.0),06/12/24 23:00:00,Annual,Total,Total,Percentage,Germany,2015,30.4,
ESTAT:ILC_MDES04(1.0),06/12/24 23:00:00,Annual,Total,Total,Percentage,Germany,2016,30.0,
ESTAT:ILC_MDES04(1.0),06/12/24 23:00:00,Annual,Total,Total,Percentage,Germany,2017,29.3,
ESTAT:ILC_MDES04(1.0),06/12/24 23:00:00,Annual,Total,Total,Percentage,Germany,2018,28.1,
ESTAT:ILC_MDES04(1.0),06/12/24 23:00:00,Annual,Total,Total,Percentage,Germany,2019,26.0,
ESTAT:ILC_MDES04(1.0),06/12/24 23:00:00,Annual,Total,Total,Percentage,Germany,2020,37.6,b
ESTAT:ILC_MDES04(1.0),06/12/24 23:00:00,Annual,Total,Total,Percentage,Germany,2021,32.3,
ESTAT:ILC_MDES04(1.0),06/12/24 23:00:00,Annual,Total,Total,Percentage,Germany,2022,33.9,
ESTAT:ILC_MDES04(1.0),06/12/24 23:00:00,Annual,Total,Total,Percentage,Germany,2023,35.0,
ESTAT:ILC_MDES04(1.0),06/12/24 23:00:00,Annual,Total,Total,Percentage,Denmark,2003,8.4,
ESTAT:ILC_MDES04(1.0),06/12/24 23:00:00,Annual,Total,Total,Percentage,Denmark,2004,18.2,
ESTAT:ILC_MDES04(1.0),06/12/24 23:00:00,Annual,Total,Total,Percentage,Denmark,2005,24.5,
ESTAT:ILC_MDES04(1.0),06/12/24 23:00:00,Annual,Total,Total,Percentage,Denmark,2006,24.0,
ESTAT:ILC_MDES04(1.0),06/12/24 23:00:00,Annual,Total,Total,Percentage,Denmark,2007,18.7,
ESTAT:ILC_MDES04(1.0),06/12/24 23:00:00,Annual,Total,Total,Percentage,Denmark,2008,24.4,
ESTAT:ILC_MDES04(1.0),06/12/24 23:00:00,Annual,Total,Total,Percentage,Denmark,2009,25.6,
ESTAT:ILC_MDES04(1.0),06/12/24 23:00:00,Annual,Total,Total,Percentage,Denmark,2010,23.7,
ESTAT:ILC_MDES04(1.0),06/12/24 23:00:00,Annual,Total,Total,Percentage,Denmark,2011,24.2,
ESTAT:ILC_MDES04(1.0),06/12/24 23:00:00,Annual,Total,Total,Percentage,Denmark,2012,27.3,
ESTAT:ILC_MDES04(1.0),06/12/24 23:00:00,Annual,Total,Total,Percentage,Denmark,2013,27.0,
ESTAT:ILC_MDES04(1.0),06/12/24 23:00:00,Annual,Total,Total,Percentage,Denmark,2014,28.5,
ESTAT:ILC_MDES04(1.0),06/12/24 23:00:00,Annual,Total,Total,Percentage,Denmark,2015,26.5,
ESTAT:ILC_MDES04(1.0),06/12/24 23:00:00,Annual,Total,Total,Percentage,Denmark,2016,24.5,
ESTAT:ILC_MDES04(1.0),06/12/24 23:00:00,Annual,Total,Total,Percentage,Denmark,2017,25.1,
ESTAT:ILC_MDES04(1.0),06/12/24 23:00:00,Annual,Total,Total,Percentage,Denmark,2018,25.2,
ESTAT:ILC_MDES04(1.0),06/12/24 23:00:00,Annual,Total,Total,Percentage,Denmark,2019,22.9,
ESTAT:ILC_MDES04(1.0),06/12/24 23:00:00,Annual,Total,Total,Percentage,Denmark,2020,22.7,
ESTAT:ILC_MDES04(1.0),06/12/24 23:00:00,Annual,Total,Total,Percentage,Denmark,2021,19.5,
ESTAT:ILC_MDES04(1.0),06/12/24 23:00:00,Annual,Total,Total,Percentage,Denmark,2022,20.2,
ESTAT:ILC_MDES04(1.0),06/12/24 23:00:00,Annual,Total,Total,Percentage,Denmark,2023,23.1,
ESTAT:ILC_MDES04(1.0),06/12/24 23:00:00,Annual,Total,Total,Percentage,Estonia,2004,7.9,
ESTAT:ILC_MDES04(1.0),06/12/24 23:00:00,Annual,Total,Total,Percentage,Estonia,2005,35.0,
ESTAT:ILC_MDES04(1.0),06/12/24 23:00:00,Annual,Total,Total,Percentage,Estonia,2006,26.7,
ESTAT:ILC_MDES04(1.0),06/12/24 23:00:00,Annual,Total,Total,Percentage,Estonia,2007,22.2,
ESTAT:ILC_MDES04(1.0),06/12/24 23:00:00,Annual,Total,Total,Percentage,Estonia,2008,19.7,
ESTAT:ILC_MDES04(1.0),06/12/24 23:00:00,Annual,Total,Total,Percentage,Estonia,2009,29.6,
ESTAT:ILC_MDES04(1.0),06/12/24 23:00:00,Annual,Total,Total,Percentage,Estonia,2010,43.6,
ESTAT:ILC_MDES04(1.0),06/12/24 23:00:00,Annual,Total,Total,Percentage,Estonia,2011,44.7,
ESTAT:ILC_MDES04(1.0),06/12/24 23:00:00,Annual,Total,Total,Percentage,Estonia,2012,44.7,
ESTAT:ILC_MDES04(1.0),06/12/24 23:00:00,Annual,Total,Total,Percentage,Estonia,2013,41.9,
ESTAT:ILC_MDES04(1.0),06/12/24 23:00:00,Annual,Total,Total,Percentage,Estonia,2014,39.1,b
ESTAT:ILC_MDES04(1.0),06/12/24 23:00:00,Annual,Total,Total,Percentage,Estonia,2015,36.7,
ESTAT:ILC_MDES04(1.0),06/12/24 23:00:00,Annual,Total,Total,Percentage,Estonia,2016,31.6,
ESTAT:ILC_MDES04(1.0),06/12/24 23:00:00,Annual,Total,Total,Percentage,Estonia,2017,36.3,
ESTAT:ILC_MDES04(1.0),06/12/24 23:00:00,Annual,Total,Total,Percentage,Estonia,2018,34.7,
ESTAT:ILC_MDES04(1.0),06/12/24 23:00:00,Annual,Total,Total,Percentage,Estonia,2019,31.4,
ESTAT:ILC_MDES04(1.0),06/12/24 23:00:00,Annual,Total,Total,Percentage,Estonia,2020,30.5,
ESTAT:ILC_MDES04(1.0),06/12/24 23:00:00,Annual,Total,Total,Percentage,Estonia,2021,27.1,
ESTAT:ILC_MDES04(1.0),06/12/24 23:00:00,Annual,Total,Total,Percentage,Estonia,2022,31.2,
ESTAT:ILC_MDES04(1.0),06/12/24 23:00:00,Annual,Total,Total,Percentage,Estonia,2023,30.4,
ESTAT:ILC_MDES04(1.0),06/12/24 23:00:00,Annual,Total,Total,Percentage,Greece,2003,44.8,
ESTAT:ILC_MDES04(1.0),06/12/24 23:00:00,Annual,Total,Total,Percentage,Greece,2004,35.5,
ESTAT:ILC_MDES04(1.0),06/12/24 23:00:00,Annual,Total,Total,Percentage,Greece,2005,38.8,
ESTAT:ILC_MDES04(1.0),06/12/24 23:00:00,Annual,Total,Total,Percentage,Greece,2006,30.6,
ESTAT:ILC_MDES04(1.0),06/12/24 23:00:00,Annual,Total,Total,Percentage,Greece,2007,29.6,
ESTAT:ILC_MDES04(1.0),06/12/24 23:00:00,Annual,Total,Total,Percentage,Greece,2008,26.6,
ESTAT:ILC_MDES04(1.0),06/12/24 23:00:00,Annual,Total,Total,Percentage,Greece,2009,26.6,
ESTAT:ILC_MDES04(1.0),06/12/24 23:00:00,Annual,Total,Total,Percentage,Greece,2010,28.2,
ESTAT:ILC_MDES04(1.0),06/12/24 23:00:00,Annual,Total,Total,Percentage,Greece,2011,34.4,
ESTAT:ILC_MDES04(1.0),06/12/24 23:00:00,Annual,Total,Total,Percentage,Greece,2012,40.5,
ESTAT:ILC_MDES04(1.0),06/12/24 23:00:00,Annual,Total,Total,Percentage,Greece,2013,47.1,
ESTAT:ILC_MDES04(1.0),06/12/24 23:00:00,Annual,Total,Total,Percentage,Greece,2014,51.8,
ESTAT:ILC_MDES04(1.0),06/12/24 23:00:00,Annual,Total,Total,Percentage,Greece,2015,53.4,
ESTAT:ILC_MDES04(1.0),06/12/24 23:00:00,Annual,Total,Total,Percentage,Greece,2016,53.6,
ESTAT:ILC_MDES04(1.0),06/12/24 23:00:00,Annual,Total,Total,Percentage,Greece,2017,52.7,
ESTAT:ILC_MDES04(1.0),06/12/24 23:00:00,Annual,Total,Total,Percentage,Greece,2018,50.4,
ESTAT:ILC_MDES04(1.0),06/12/24 23:00:00,Annual,Total,Total,Percentage,Greece,2019,47.8,
ESTAT:ILC_MDES04(1.0),06/12/24 23:00:00,Annual,Total,Total,Percentage,Greece,2020,50.7,
ESTAT:ILC_MDES04(1.0),06/12/24 23:00:00,Annual,Total,Total,Percentage,Greece,2021,46.3,
ESTAT:ILC_MDES04(1.0),06/12/24 23:00:00,Annual,Total,Total,Percentage,Greece,2022,43.6,
ESTAT:ILC_MDES04(1.0),06/12/24 23:00:00,Annual,Total,Total,Percentage,Greece,2023,44.3,
ESTAT:ILC_MDES04(1.0),06/12/24 23:00:00,Annual,Total,Total,Percentage,Spain,2004,39.8,
ESTAT:ILC_MDES04(1.0),06/12/24 23:00:00,Annual,Total,Total,Percentage,Spain,2005,34.7,
ESTAT:ILC_MDES04(1.0),06/12/24 23:00:00,Annual,Total,Total,Percentage,Spain,2006,32.6,
ESTAT:ILC_MDES04(1.0),06/12/24 23:00:00,Annual,Total,Total,Percentage,Spain,2007,30.8,
ESTAT:ILC_MDES04(1.0),06/12/24 23:00:00,Annual,Total,Total,Percentage,Spain,2008,29.9,
ESTAT:ILC_MDES04(1.0),06/12/24 23:00:00,Annual,Total,Total,Percentage,Spain,2009,36.5,b
ESTAT:ILC_MDES04(1.0),06/12/24 23:00:00,Annual,Total,Total,Percentage,Spain,2010,38.7,
ESTAT:ILC_MDES04(1.0),06/12/24 23:00:00,Annual,Total,Total,Percentage,Spain,2011,37.7,
ESTAT:ILC_MDES04(1.0),06/12/24 23:00:00,Annual,Total,Total,Percentage,Spain,2012,42.1,
ESTAT:ILC_MDES04(1.0),06/12/24 23:00:00,Annual,Total,Total,Percentage,Spain,2013,42.1,
ESTAT:ILC_MDES04(1.0),06/12/24 23:00:00,Annual,Total,Total,Percentage,Spain,2014,42.7,
ESTAT:ILC_MDES04(1.0),06/12/24 23:00:00,Annual,Total,Total,Percentage,Spain,2015,39.8,
ESTAT:ILC_MDES04(1.0),06/12/24 23:00:00,Annual,Total,Total,Percentage,Spain,2016,38.7,
ESTAT:ILC_MDES04(1.0),06/12/24 23:00:00,Annual,Total,Total,Percentage,Spain,2017,36.6,
ESTAT:ILC_MDES04(1.0),06/12/24 23:00:00,Annual,Total,Total,Percentage,Spain,2018,35.9,
ESTAT:ILC_MDES04(1.0),06/12/24 23:00:00,Annual,Total,Total,Percentage,Spain,2019,33.9,
ESTAT:ILC_MDES04(1.0),06/12/24 23:00:00,Annual,Total,Total,Percentage,Spain,2020,35.4,
ESTAT:ILC_MDES04(1.0),06/12/24 23:00:00,Annual,Total,Total,Percentage,Spain,2021,33.5,
ESTAT:ILC_MDES04(1.0),06/12/24 23:00:00,Annual,Total,Total,Percentage,Spain,2022,35.5,
ESTAT:ILC_MDES04(1.0),06/12/24 23:00:00,Annual,Total,Total,Percentage,Spain,2023,37.2,
ESTAT:ILC_MDES04(1.0),06/12/24 23:00:00,Annual,Total,Total,Percentage,Finland,2004,24.7,
ESTAT:ILC_MDES04(1.0),06/12/24 23:00:00,Annual,Total,Total,Percentage,Finland,2005,33.0,
ESTAT:ILC_MDES04(1.0),06/12/24 23:00:00,Annual,Total,Total,Percentage,Finland,2006,30.4,
ESTAT:ILC_MDES04(1.0),06/12/24 23:00:00,Annual,Total,Total,Percentage,Finland,2007,30.2,
ESTAT:ILC_MDES04(1.0),06/12/24 23:00:00,Annual,Total,Total,Percentage,Finland,2008,29.7,
ESTAT:ILC_MDES04(1.0),06/12/24 23:00:00,Annual,Total,Total,Percentage,Finland,2009,29.7,
ESTAT:ILC_MDES04(1.0),06/12/24 23:00:00,Annual,Total,Total,Percentage,Finland,2010,28.1,
ESTAT:ILC_MDES04(1.0),06/12/24 23:00:00,Annual,Total,Total,Percentage,Finland,2011,27.4,
ESTAT:ILC_MDES04(1.0),06/12/24 23:00:00,Annual,Total,Total,Percentage,Finland,2012,27.9,
ESTAT:ILC_MDES04(1.0),06/12/24 23:00:00,Annual,Total,Total,Percentage,Finland,2013,27.5,
ESTAT:ILC_MDES04(1.0),06/12/24 23:00:00,Annual,Total,Total,Percentage,Finland,2014,27.2,
ESTAT:ILC_MDES04(1.0),06/12/24 23:00:00,Annual,Total,Total,Percentage,Finland,2015,28.4,
ESTAT:ILC_MDES04(1.0),06/12/24 23:00:00,Annual,Total,Total,Percentage,Finland,2016,29.4,
ESTAT:ILC_MDES04(1.0),06/12/24 23:00:00,Annual,Total,Total,Percentage,Finland,2017,28.5,
ESTAT:ILC_MDES04(1.0),06/12/24 23:00:00,Annual,Total,Total,Percentage,Finland,2018,27.2,
ESTAT:ILC_MDES04(1.0),06/12/24 23:00:00,Annual,Total,Total,Percentage,Finland,2019,26.4,
ESTAT:ILC_MDES04(1.0),06/12/24 23:00:00,Annual,Total,Total,Percentage,Finland,2020,25.4,
ESTAT:ILC_MDES04(1.0),06/12/24 23:00:00,Annual,Total,Total,Percentage,Finland,2021,23.5,
ESTAT:ILC_MDES04(1.0),06/12/24 23:00:00,Annual,Total,Total,Percentage,Finland,2022,23.2,
ESTAT:ILC_MDES04(1.0),06/12/24 23:00:00,Annual,Total,Total,Percentage,Finland,2023,26.0,
ESTAT:ILC_MDES04(1.0),06/12/24 23:00:00,Annual,Total,Total,Percentage,France,2004,34.2,
ESTAT:ILC_MDES04(1.0),06/12/24 23:00:00,Annual,Total,Total,Percentage,France,2005,35.6,
ESTAT:ILC_MDES04(1.0),06/12/24 23:00:00,Annual,Total,Total,Percentage,France,2006,33.3,
ESTAT:ILC_MDES04(1.0),06/12/24 23:00:00,Annual,Total,Total,Percentage,France,2007,34.5,
ESTAT:ILC_MDES04(1.0),06/12/24 23:00:00,Annual,Total,Total,Percentage,France,2008,34.1,
ESTAT:ILC_MDES04(1.0),06/12/24 23:00:00,Annual,Total,Total,Percentage,France,2009,32.5,
ESTAT:ILC_MDES04(1.0),06/12/24 23:00:00,Annual,Total,Total,Percentage,France,2010,33.0,
ESTAT:ILC_MDES04(1.0),06/12/24 23:00:00,Annual,Total,Total,Percentage,France,2011,33.0,
ESTAT:ILC_MDES04(1.0),06/12/24 23:00:00,Annual,Total,Total,Percentage,France,2012,33.0,
ESTAT:ILC_MDES04(1.0),06/12/24 23:00:00,Annual,Total,Total,Percentage,France,2013,34.0,
ESTAT:ILC_MDES04(1.0),06/12/24 23:00:00,Annual,Total,Total,Percentage,France,2014,33.4,
ESTAT:ILC_MDES04(1.0),06/12/24 23:00:00,Annual,Total,Total,Percentage,France,2015,32.8,
ESTAT:ILC_MDES04(1.0),06/12/24 23:00:00,Annual,Total,Total,Percentage,France,2016,31.8,
ESTAT:ILC_MDES04(1.0),06/12/24 23:00:00,Annual,Total,Total,Percentage,France,2017,29.6,
ESTAT:ILC_MDES04(1.0),06/12/24 23:00:00,Annual,Total,Total,Percentage,France,2018,31.4,
ESTAT:ILC_MDES04(1.0),06/12/24 23:00:00,Annual,Total,Total,Percentage,France,2019,30.6,
ESTAT:ILC_MDES04(1.0),06/12/24 23:00:00,Annual,Total,Total,Percentage,France,2020,30.5,b
ESTAT:ILC_MDES04(1.0),06/12/24 23:00:00,Annual,Total,Total,Percentage,France,2021,27.6,
ESTAT:ILC_MDES04(1.0),06/12/24 23:00:00,Annual,Total,Total,Percentage,France,2022,31.4,b
ESTAT:ILC_MDES04(1.0),06/12/24 23:00:00,Annual,Total,Total,Percentage,France,2023,29.4,
ESTAT:ILC_MDES04(1.0),06/12/24 23:00:00,Annual,Total,Total,Percentage,Croatia,2010,62.3,
ESTAT:ILC_MDES04(1.0),06/12/24 23:00:00,Annual,Total,Total,Percentage,Croatia,2011,64.4,
ESTAT:ILC_MDES04(1.0),06/12/24 23:00:00,Annual,Total,Total,Percentage,Croatia,2012,67.4,
ESTAT:ILC_MDES04(1.0),06/12/24 23:00:00,Annual,Total,Total,Percentage,Croatia,2013,65.1,
ESTAT:ILC_MDES04(1.0),06/12/24 23:00:00,Annual,Total,Total,Percentage,Croatia,2014,63.7,
ESTAT:ILC_MDES04(1.0),06/12/24 23:00:00,Annual,Total,Total,Percentage,Croatia,2015,59.8,
ESTAT:ILC_MDES04(1.0),06/12/24 23:00:00,Annual,Total,Total,Percentage,Croatia,2016,57.7,
ESTAT:ILC_MDES04(1.0),06/12/24 23:00:00,Annual,Total,Total,Percentage,Croatia,2017,56.2,
ESTAT:ILC_MDES04(1.0),06/12/24 23:00:00,Annual,Total,Total,Percentage,Croatia,2018,52.9,
ESTAT:ILC_MDES04(1.0),06/12/24 23:00:00,Annual,Total,Total,Percentage,Croatia,2019,51.7,
ESTAT:ILC_MDES04(1.0),06/12/24 23:00:00,Annual,Total,Total,Percentage,Croatia,2020,48.9,
ESTAT:ILC_MDES04(1.0),06/12/24 23:00:00,Annual,Total,Total,Percentage,Croatia,2021,46.5,
ESTAT:ILC_MDES04(1.0),06/12/24 23:00:00,Annual,Total,Total,Percentage,Croatia,2022,44.8,
ESTAT:ILC_MDES04(1.0),06/12/24 23:00:00,Annual,Total,Total,Percentage,Croatia,2023,41.4,
ESTAT:ILC_MDES04(1.0),06/12/24 23:00:00,Annual,Total,Total,Percentage,Hungary,2005,57.3,
ESTAT:ILC_MDES04(1.0),06/12/24 23:00:00,Annual,Total,Total,Percentage,Hungary,2006,52.4,
ESTAT:ILC_MDES04(1.0),06/12/24 23:00:00,Annual,Total,Total,Percentage,Hungary,2007,67.0,
ESTAT:ILC_MDES04(1.0),06/12/24 23:00:00,Annual,Total,Total,Percentage,Hungary,2008,67.6,
ESTAT:ILC_MDES04(1.0),06/12/24 23:00:00,Annual,Total,Total,Percentage,Hungary,2009,75.2,
ESTAT:ILC_MDES04(1.0),06/12/24 23:00:00,Annual,Total,Total,Percentage,Hungary,2010,73.9,
ESTAT:ILC_MDES04(1.0),06/12/24 23:00:00,Annual,Total,Total,Percentage,Hungary,2011,74.4,
ESTAT:ILC_MDES04(1.0),06/12/24 23:00:00,Annual,Total,Total,Percentage,Hungary,2012,75.0,
ESTAT:ILC_MDES04(1.0),06/12/24 23:00:00,Annual,Total,Total,Percentage,Hungary,2013,74.9,
ESTAT:ILC_MDES04(1.0),06/12/24 23:00:00,Annual,Total,Total,Percentage,Hungary,2014,75.9,
ESTAT:ILC_MDES04(1.0),06/12/24 23:00:00,Annual,Total,Total,Percentage,Hungary,2015,72.2,
ESTAT:ILC_MDES04(1.0),06/12/24 23:00:00,Annual,Total,Total,Percentage,Hungary,2016,50.8,b
ESTAT:ILC_MDES04(1.0),06/12/24 23:00:00,Annual,Total,Total,Percentage,Hungary,2017,31.5,
ESTAT:ILC_MDES04(1.0),06/12/24 23:00:00,Annual,Total,Total,Percentage,Hungary,2018,33.3,
ESTAT:ILC_MDES04(1.0),06/12/24 23:00:00,Annual,Total,Total,Percentage,Hungary,2019,33.0,
ESTAT:ILC_MDES04(1.0),06/12/24 23:00:00,Annual,Total,Total,Percentage,Hungary,2020,35.7,
ESTAT:ILC_MDES04(1.0),06/12/24 23:00:00,Annual,Total,Total,Percentage,Hungary,2021,34.8,
ESTAT:ILC_MDES04(1.0),06/12/24 23:00:00,Annual,Total,Total,Percentage,Hungary,2022,33.9,
ESTAT:ILC_MDES04(1.0),06/12/24 23:00:00,Annual,Total,Total,Percentage,Hungary,2023,31.5,
ESTAT:ILC_MDES04(1.0),06/12/24 23:00:00,Annual,Total,Total,Percentage,Ireland,2003,19.2,
ESTAT:ILC_MDES04(1.0),06/12/24 23:00:00,Annual,Total,Total,Percentage,Ireland,2004,21.1,
ESTAT:ILC_MDES04(1.0),06/12/24 23:00:00,Annual,Total,Total,Percentage,Ireland,2005,22.5,
ESTAT:ILC_MDES04(1.0),06/12/24 23:00:00,Annual,Total,Total,Percentage,Ireland,2006,38.0,
ESTAT:ILC_MDES04(1.0),06/12/24 23:00:00,Annual,Total,Total,Percentage,Ireland,2007,39.1,
ESTAT:ILC_MDES04(1.0),06/12/24 23:00:00,Annual,Total,Total,Percentage,Ireland,2008,41.0,
ESTAT:ILC_MDES04(1.0),06/12/24 23:00:00,Annual,Total,Total,Percentage,Ireland,2009,48.6,
ESTAT:ILC_MDES04(1.0),06/12/24 23:00:00,Annual,Total,Total,Percentage,Ireland,2010,49.1,
ESTAT:ILC_MDES04(1.0),06/12/24 23:00:00,Annual,Total,Total,Percentage,Ireland,2011,54.4,
ESTAT:ILC_MDES04(1.0),06/12/24 23:00:00,Annual,Total,Total,Percentage,Ireland,2012,56.4,
ESTAT:ILC_MDES04(1.0),06/12/24 23:00:00,Annual,Total,Total,Percentage,Ireland,2013,55.3,
ESTAT:ILC_MDES04(1.0),06/12/24 23:00:00,Annual,Total,Total,Percentage,Ireland,2014,54.5,
ESTAT:ILC_MDES04(1.0),06/12/24 23:00:00,Annual,Total,Total,Percentage,Ireland,2015,50.2,
ESTAT:ILC_MDES04(1.0),06/12/24 23:00:00,Annual,Total,Total,Percentage,Ireland,2016,45.2,
ESTAT:ILC_MDES04(1.0),06/12/24 23:00:00,Annual,Total,Total,Percentage,Ireland,2017,41.6,
ESTAT:ILC_MDES04(1.0),06/12/24 23:00:00,Annual,Total,Total,Percentage,Ireland,2018,37.3,
ESTAT:ILC_MDES04(1.0),06/12/24 23:00:00,Annual,Total,Total,Percentage,Ireland,2019,37.1,b
ESTAT:ILC_MDES04(1.0),06/12/24 23:00:00,Annual,Total,Total,Percentage,Ireland,2020,33.4,b
ESTAT:ILC_MDES04(1.0),06/12/24 23:00:00,Annual,Total,Total,Percentage,Ireland,2021,29.1,
ESTAT:ILC_MDES04(1.0),06/12/24 23:00:00,Annual,Total,Total,Percentage,Ireland,2022,33.1,
ESTAT:ILC_MDES04(1.0),06/12/24 23:00:00,Annual,Total,Total,Percentage,Ireland,2023,34.3,
ESTAT:ILC_MDES04(1.0),06/12/24 23:00:00,Annual,Total,Total,Percentage,Iceland,2004,33.9,
ESTAT:ILC_MDES04(1.0),06/12/24 23:00:00,Annual,Total,Total,Percentage,Iceland,2005,35.7,
ESTAT:ILC_MDES04(1.0),06/12/24 23:00:00,Annual,Total,Total,Percentage,Iceland,2006,30.2,
ESTAT:ILC_MDES04(1.0),06/12/24 23:00:00,Annual,Total,Total,Percentage,Iceland,2007,27.7,
ESTAT:ILC_MDES04(1.0),06/12/24 23:00:00,Annual,Total,Total,Percentage,Iceland,2008,25.1,
ESTAT:ILC_MDES04(1.0),06/12/24 23:00:00,Annual,Total,Total,Percentage,Iceland,2009,27.5,
ESTAT:ILC_MDES04(1.0),06/12/24 23:00:00,Annual,Total,Total,Percentage,Iceland,2010,33.4,
ESTAT:ILC_MDES04(1.0),06/12/24 23:00:00,Annual,Total,Total,Percentage,Iceland,2011,37.4,
ESTAT:ILC_MDES04(1.0),06/12/24 23:00:00,Annual,Total,Total,Percentage,Iceland,2012,34.6,
ESTAT:ILC_MDES04(1.0),06/12/24 23:00:00,Annual,Total,Total,Percentage,Iceland,2013,33.7,
ESTAT:ILC_MDES04(1.0),06/12/24 23:00:00,Annual,Total,Total,Percentage,Iceland,2014,34.0,
ESTAT:ILC_MDES04(1.0),06/12/24 23:00:00,Annual,Total,Total,Percentage,Iceland,2015,36.9,
ESTAT:ILC_MDES04(1.0),06/12/24 23:00:00,Annual,Total,Total,Percentage,Iceland,2016,30.9,
ESTAT:ILC_MDES04(1.0),06/12/24 23:00:00,Annual,Total,Total,Percentage,Iceland,2017,29.2,
ESTAT:ILC_MDES04(1.0),06/12/24 23:00:00,Annual,Total,Total,Percentage,Iceland,2018,25.8,
ESTAT:ILC_MDES04(1.0),06/12/24 23:00:00,Annual,Total,Total,Percentage,Iceland,2019,24.7,
ESTAT:ILC_MDES04(1.0),06/12/24 23:00:00,Annual,Total,Total,Percentage,Italy,2004,26.7,
ESTAT:ILC_MDES04(1.0),06/12/24 23:00:00,Annual,Total,Total,Percentage,Italy,2005,28.2,
ESTAT:ILC_MDES04(1.0),06/12/24 23:00:00,Annual,Total,Total,Percentage,Italy,2006,27.4,
ESTAT:ILC_MDES04(1.0),06/12/24 23:00:00,Annual,Total,Total,Percentage,Italy,2007,32.2,
ESTAT:ILC_MDES04(1.0),06/12/24 23:00:00,Annual,Total,Total,Percentage,Italy,2008,31.9,
ESTAT:ILC_MDES04(1.0),06/12/24 23:00:00,Annual,Total,Total,Percentage,Italy,2009,33.4,
ESTAT:ILC_MDES04(1.0),06/12/24 23:00:00,Annual,Total,Total,Percentage,Italy,2010,33.8,
ESTAT:ILC_MDES04(1.0),06/12/24 23:00:00,Annual,Total,Total,Percentage,Italy,2011,38.2,
ESTAT:ILC_MDES04(1.0),06/12/24 23:00:00,Annual,Total,Total,Percentage,Italy,2012,42.1,
ESTAT:ILC_MDES04(1.0),06/12/24 23:00:00,Annual,Total,Total,Percentage,Italy,2013,40.2,
ESTAT:ILC_MDES04(1.0),06/12/24 23:00:00,Annual,Total,Total,Percentage,Italy,2014,38.8,
ESTAT:ILC_MDES04(1.0),06/12/24 23:00:00,Annual,Total,Total,Percentage,Italy,2015,39.9,
ESTAT:ILC_MDES04(1.0),06/12/24 23:00:00,Annual,Total,Total,Percentage,Italy,2016,40.4,
ESTAT:ILC_MDES04(1.0),06/12/24 23:00:00,Annual,Total,Total,Percentage,Italy,2017,38.3,
ESTAT:ILC_MDES04(1.0),06/12/24 23:00:00,Annual,Total,Total,Percentage,Italy,2018,35.1,
ESTAT:ILC_MDES04(1.0),06/12/24 23:00:00,Annual,Total,Total,Percentage,Italy,2019,33.8,
ESTAT:ILC_MDES04(1.0),06/12/24 23:00:00,Annual,Total,Total,Percentage,Italy,2020,32.3,
ESTAT:ILC_MDES04(1.0),06/12/24 23:00:00,Annual,Total,Total,Percentage,Italy,2021,32.7,
ESTAT:ILC_MDES04(1.0),06/12/24 23:00:00,Annual,Total,Total,Percentage,Italy,2022,32.9,
ESTAT:ILC_MDES04(1.0),06/12/24 23:00:00,Annual,Total,Total,Percentage,Italy,2023,28.8,
ESTAT:ILC_MDES04(1.0),06/12/24 23:00:00,Annual,Total,Total,Percentage,Lithuania,2005,65.6,
ESTAT:ILC_MDES04(1.0),06/12/24 23:00:00,Annual,Total,Total,Percentage,Lithuania,2006,57.3,
ESTAT:ILC_MDES04(1.0),06/12/24 23:00:00,Annual,Total,Total,Percentage,Lithuania,2007,42.4,
ESTAT:ILC_MDES04(1.0),06/12/24 23:00:00,Annual,Total,Total,Percentage,Lithuania,2008,40.1,
ESTAT:ILC_MDES04(1.0),06/12/24 23:00:00,Annual,Total,Total,Percentage,Lithuania,2009,53.3,
ESTAT:ILC_MDES04(1.0),06/12/24 23:00:00,Annual,Total,Total,Percentage,Lithuania,2010,62.3,
ESTAT:ILC_MDES04(1.0),06/12/24 23:00:00,Annual,Total,Total,Percentage,Lithuania,2011,61.3,
ESTAT:ILC_MDES04(1.0),06/12/24 23:00:00,Annual,Total,Total,Percentage,Lithuania,2012,60.4,
ESTAT:ILC_MDES04(1.0),06/12/24 23:00:00,Annual,Total,Total,Percentage,Lithuania,2013,56.9,
ESTAT:ILC_MDES04(1.0),06/12/24 23:00:00,Annual,Total,Total,Percentage,Lithuania,2014,54.7,
ESTAT:ILC_MDES04(1.0),06/12/24 23:00:00,Annual,Total,Total,Percentage,Lithuania,2015,53.2,
ESTAT:ILC_MDES04(1.0),06/12/24 23:00:00,Annual,Total,Total,Percentage,Lithuania,2016,53.2,
ESTAT:ILC_MDES04(1.0),06/12/24 23:00:00,Annual,Total,Total,Percentage,Lithuania,2017,50.6,
ESTAT:ILC_MDES04(1.0),06/12/24 23:00:00,Annual,Total,Total,Percentage,Lithuania,2018,48.8,
ESTAT:ILC_MDES04(1.0),06/12/24 23:00:00,Annual,Total,Total,Percentage,Lithuania,2019,46.8,
ESTAT:ILC_MDES04(1.0),06/12/24 23:00:00,Annual,Total,Total,Percentage,Lithuania,2020,41.8,
ESTAT:ILC_MDES04(1.0),06/12/24 23:00:00,Annual,Total,Total,Percentage,Lithuania,2021,36.4,
ESTAT:ILC_MDES04(1.0),06/12/24 23:00:00,Annual,Total,Total,Percentage,Lithuania,2022,39.3,
ESTAT:ILC_MDES04(1.0),06/12/24 23:00:00,Annual,Total,Total,Percentage,Lithuania,2023,40.5,
ESTAT:ILC_MDES04(1.0),06/12/24 23:00:00,Annual,Total,Total,Percentage,Luxembourg,2003,15.0,
ESTAT:ILC_MDES04(1.0),06/12/24 23:00:00,Annual,Total,Total,Percentage,Luxembourg,2004,12.7,
ESTAT:ILC_MDES04(1.0),06/12/24 23:00:00,Annual,Total,Total,Percentage,Luxembourg,2005,21.4,
ESTAT:ILC_MDES04(1.0),06/12/24 23:00:00,Annual,Total,Total,Percentage,Luxembourg,2006,18.4,
ESTAT:ILC_MDES04(1.0),06/12/24 23:00:00,Annual,Total,Total,Percentage,Luxembourg,2007,21.5,
ESTAT:ILC_MDES04(1.0),06/12/24 23:00:00,Annual,Total,Total,Percentage,Luxembourg,2008,19.6,
ESTAT:ILC_MDES04(1.0),06/12/24 23:00:00,Annual,Total,Total,Percentage,Luxembourg,2009,25.4,
ESTAT:ILC_MDES04(1.0),06/12/24 23:00:00,Annual,Total,Total,Percentage,Luxembourg,2010,24.4,
ESTAT:ILC_MDES04(1.0),06/12/24 23:00:00,Annual,Total,Total,Percentage,Luxembourg,2011,23.0,
ESTAT:ILC_MDES04(1.0),06/12/24 23:00:00,Annual,Total,Total,Percentage,Luxembourg,2012,24.8,
ESTAT:ILC_MDES04(1.0),06/12/24 23:00:00,Annual,Total,Total,Percentage,Luxembourg,2013,23.8,
ESTAT:ILC_MDES04(1.0),06/12/24 23:00:00,Annual,Total,Total,Percentage,Luxembourg,2014,23.8,
ESTAT:ILC_MDES04(1.0),06/12/24 23:00:00,Annual,Total,Total,Percentage,Luxembourg,2015,23.0,
ESTAT:ILC_MDES04(1.0),06/12/24 23:00:00,Annual,Total,Total,Percentage,Luxembourg,2016,21.9,b
ESTAT:ILC_MDES04(1.0),06/12/24 23:00:00,Annual,Total,Total,Percentage,Luxembourg,2017,20.4,
ESTAT:ILC_MDES04(1.0),06/12/24 23:00:00,Annual,Total,Total,Percentage,Luxembourg,2018,19.7,
ESTAT:ILC_MDES04(1.0),06/12/24 23:00:00,Annual,Total,Total,Percentage,Luxembourg,2019,16.7,
ESTAT:ILC_MDES04(1.0),06/12/24 23:00:00,Annual,Total,Total,Percentage,Luxembourg,2020,22.5,b
ESTAT:ILC_MDES04(1.0),06/12/24 23:00:00,Annual,Total,Total,Percentage,Luxembourg,2021,21.3,b
ESTAT:ILC_MDES04(1.0),06/12/24 23:00:00,Annual,Total,Total,Percentage,Luxembourg,2022,18.8,b
ESTAT:ILC_MDES04(1.0),06/12/24 23:00:00,Annual,Total,Total,Percentage,Luxembourg,2023,24.1,
ESTAT:ILC_MDES04(1.0),06/12/24 23:00:00,Annual,Total,Total,Percentage,Latvia,2005,71.0,
ESTAT:ILC_MDES04(1.0),06/12/24 23:00:00,Annual,Total,Total,Percentage,Latvia,2006,68.6,
ESTAT:ILC_MDES04(1.0),06/12/24 23:00:00,Annual,Total,Total,Percentage,Latvia,2007,61.3,
ESTAT:ILC_MDES04(1.0),06/12/24 23:00:00,Annual,Total,Total,Percentage,Latvia,2008,57.0,
ESTAT:ILC_MDES04(1.0),06/12/24 23:00:00,Annual,Total,Total,Percentage,Latvia,2009,71.4,
ESTAT:ILC_MDES04(1.0),06/12/24 23:00:00,Annual,Total,Total,Percentage,Latvia,2010,78.1,
ESTAT:ILC_MDES04(1.0),06/12/24 23:00:00,Annual,Total,Total,Percentage,Latvia,2011,80.4,
ESTAT:ILC_MDES04(1.0),06/12/24 23:00:00,Annual,Total,Total,Percentage,Latvia,2012,73.6,
ESTAT:ILC_MDES04(1.0),06/12/24 23:00:00,Annual,Total,Total,Percentage,Latvia,2013,69.5,
ESTAT:ILC_MDES04(1.0),06/12/24 23:00:00,Annual,Total,Total,Percentage,Latvia,2014,67.4,
ESTAT:ILC_MDES04(1.0),06/12/24 23:00:00,Annual,Total,Total,Percentage,Latvia,2015,60.4,
ESTAT:ILC_MDES04(1.0),06/12/24 23:00:00,Annual,Total,Total,Percentage,Latvia,2016,60.0,
ESTAT:ILC_MDES04(1.0),06/12/24 23:00:00,Annual,Total,Total,Percentage,Latvia,2017,59.9,
ESTAT:ILC_MDES04(1.0),06/12/24 23:00:00,Annual,Total,Total,Percentage,Latvia,2018,55.3,
ESTAT:ILC_MDES04(1.0),06/12/24 23:00:00,Annual,Total,Total,Percentage,Latvia,2019,49.8,
ESTAT:ILC_MDES04(1.0),06/12/24 23:00:00,Annual,Total,Total,Percentage,Latvia,2020,45.6,
ESTAT:ILC_MDES04(1.0),06/12/24 23:00:00,Annual,Total,Total,Percentage,Latvia,2021,41.7,
ESTAT:ILC_MDES04(1.0),06/12/24 23:00:00,Annual,Total,Total,Percentage,Latvia,2022,44.1,
ESTAT:ILC_MDES04(1.0),06/12/24 23:00:00,Annual,Total,Total,Percentage,Latvia,2023,44.8,
ESTAT:ILC_MDES04(1.0),06/12/24 23:00:00,Annual,Total,Total,Percentage,Montenegro,2013,73.3,
ESTAT:ILC_MDES04(1.0),06/12/24 23:00:00,Annual,Total,Total,Percentage,Montenegro,2014,72.9,
ESTAT:ILC_MDES04(1.0),06/12/24 23:00:00,Annual,Total,Total,Percentage,Montenegro,2015,72.8,
ESTAT:ILC_MDES04(1.0),06/12/24 23:00:00,Annual,Total,Total,Percentage,Montenegro,2016,71.2,
ESTAT:ILC_MDES04(1.0),06/12/24 23:00:00,Annual,Total,Total,Percentage,Montenegro,2017,73.0,
ESTAT:ILC_MDES04(1.0),06/12/24 23:00:00,Annual,Total,Total,Percentage,Montenegro,2018,71.5,
ESTAT:ILC_MDES04(1.0),06/12/24 23:00:00,Annual,Total,Total,Percentage,Montenegro,2019,58.1,
ESTAT:ILC_MDES04(1.0),06/12/24 23:00:00,Annual,Total,Total,Percentage,Montenegro,2020,62.2,
ESTAT:ILC_MDES04(1.0),06/12/24 23:00:00,Annual,Total,Total,Percentage,Montenegro,2021,61.6,
ESTAT:ILC_MDES04(1.0),06/12/24 23:00:00,Annual,Total,Total,Percentage,Montenegro,2022,59.6,
ESTAT:ILC_MDES04(1.0),06/12/24 23:00:00,Annual,Total,Total,Percentage,North Macedonia,2010,35.2,
ESTAT:ILC_MDES04(1.0),06/12/24 23:00:00,Annual,Total,Total,Percentage,North Macedonia,2011,64.3,
ESTAT:ILC_MDES04(1.0),06/12/24 23:00:00,Annual,Total,Total,Percentage,North Macedonia,2012,64.4,
ESTAT:ILC_MDES04(1.0),06/12/24 23:00:00,Annual,Total,Total,Percentage,North Macedonia,2013,62.7,
ESTAT:ILC_MDES04(1.0),06/12/24 23:00:00,Annual,Total,Total,Percentage,North Macedonia,2014,61.0,
ESTAT:ILC_MDES04(1.0),06/12/24 23:00:00,Annual,Total,Total,Percentage,North Macedonia,2015,58.5,
ESTAT:ILC_MDES04(1.0),06/12/24 23:00:00,Annual,Total,Total,Percentage,North Macedonia,2016,58.5,
ESTAT:ILC_MDES04(1.0),06/12/24 23:00:00,Annual,Total,Total,Percentage,North Macedonia,2017,56.8,
ESTAT:ILC_MDES04(1.0),06/12/24 23:00:00,Annual,Total,Total,Percentage,North Macedonia,2018,54.2,
ESTAT:ILC_MDES04(1.0),06/12/24 23:00:00,Annual,Total,Total,Percentage,North Macedonia,2019,57.3,
ESTAT:ILC_MDES04(1.0),06/12/24 23:00:00,Annual,Total,Total,Percentage,North Macedonia,2020,50.9,
ESTAT:ILC_MDES04(1.0),06/12/24 23:00:00,Annual,Total,Total,Percentage,Malta,2005,33.8,
ESTAT:ILC_MDES04(1.0),06/12/24 23:00:00,Annual,Total,Total,Percentage,Malta,2006,32.0,
ESTAT:ILC_MDES04(1.0),06/12/24 23:00:00,Annual,Total,Total,Percentage,Malta,2007,33.7,
ESTAT:ILC_MDES04(1.0),06/12/24 23:00:00,Annual,Total,Total,Percentage,Malta,2008,32.8,
ESTAT:ILC_MDES04(1.0),06/12/24 23:00:00,Annual,Total,Total,Percentage,Malta,2009,29.4,
ESTAT:ILC_MDES04(1.0),06/12/24 23:00:00,Annual,Total,Total,Percentage,Malta,2010,28.2,
ESTAT:ILC_MDES04(1.0),06/12/24 23:00:00,Annual,Total,Total,Percentage,Malta,2011,27.2,
ESTAT:ILC_MDES04(1.0),06/12/24 23:00:00,Annual,Total,Total,Percentage,Malta,2012,25.0,
ESTAT:ILC_MDES04(1.0),06/12/24 23:00:00,Annual,Total,Total,Percentage,Malta,2013,23.0,
ESTAT:ILC_MDES04(1.0),06/12/24 23:00:00,Annual,Total,Total,Percentage,Malta,2014,24.6,
ESTAT:ILC_MDES04(1.0),06/12/24 23:00:00,Annual,Total,Total,Percentage,Malta,2015,21.4,
ESTAT:ILC_MDES04(1.0),06/12/24 23:00:00,Annual,Total,Total,Percentage,Malta,2016,20.8,
ESTAT:ILC_MDES04(1.0),06/12/24 23:00:00,Annual,Total,Total,Percentage,Malta,2017,15.6,
ESTAT:ILC_MDES04(1.0),06/12/24 23:00:00,Annual,Total,Total,Percentage,Malta,2018,13.9,
ESTAT:ILC_MDES04(1.0),06/12/24 23:00:00,Annual,Total,Total,Percentage,Malta,2019,15.1,
ESTAT:ILC_MDES04(1.0),06/12/24 23:00:00,Annual,Total,Total,Percentage,Malta,2020,16.3,
ESTAT:ILC_MDES04(1.0),06/12/24 23:00:00,Annual,Total,Total,Percentage,Malta,2021,15.7,
ESTAT:ILC_MDES04(1.0),06/12/24 23:00:00,Annual,Total,Total,Percentage,Malta,2022,15.4,
ESTAT:ILC_MDES04(1.0),06/12/24 23:00:00,Annual,Total,Total,Percentage,Malta,2023,15.9,
ESTAT:ILC_MDES04(1.0),06/12/24 23:00:00,Annual,Total,Total,Percentage,Netherlands,2005,25.6,
ESTAT:ILC_MDES04(1.0),06/12/24 23:00:00,Annual,Total,Total,Percentage,Netherlands,2006,23.4,
ESTAT:ILC_MDES04(1.0),06/12/24 23:00:00,Annual,Total,Total,Percentage,Netherlands,2007,21.3,
ESTAT:ILC_MDES04(1.0),06/12/24 23:00:00,Annual,Total,Total,Percentage,Netherlands,2008,19.4,
ESTAT:ILC_MDES04(1.0),06/12/24 23:00:00,Annual,Total,Total,Percentage,Netherlands,2009,18.7,
ESTAT:ILC_MDES04(1.0),06/12/24 23:00:00,Annual,Total,Total,Percentage,Netherlands,2010,22.2,
ESTAT:ILC_MDES04(1.0),06/12/24 23:00:00,Annual,Total,Total,Percentage,Netherlands,2011,21.7,
ESTAT:ILC_MDES04(1.0),06/12/24 23:00:00,Annual,Total,Total,Percentage,Netherlands,2012,22.0,
ESTAT:ILC_MDES04(1.0),06/12/24 23:00:00,Annual,Total,Total,Percentage,Netherlands,2013,23.4,
ESTAT:ILC_MDES04(1.0),06/12/24 23:00:00,Annual,Total,Total,Percentage,Netherlands,2014,23.7,
ESTAT:ILC_MDES04(1.0),06/12/24 23:00:00,Annual,Total,Total,Percentage,Netherlands,2015,22.9,
ESTAT:ILC_MDES04(1.0),06/12/24 23:00:00,Annual,Total,Total,Percentage,Netherlands,2016,22.5,b
ESTAT:ILC_MDES04(1.0),06/12/24 23:00:00,Annual,Total,Total,Percentage,Netherlands,2017,20.7,
ESTAT:ILC_MDES04(1.0),06/12/24 23:00:00,Annual,Total,Total,Percentage,Netherlands,2018,21.5,
ESTAT:ILC_MDES04(1.0),06/12/24 23:00:00,Annual,Total,Total,Percentage,Netherlands,2019,21.9,
ESTAT:ILC_MDES04(1.0),06/12/24 23:00:00,Annual,Total,Total,Percentage,Netherlands,2020,19.1,
ESTAT:ILC_MDES04(1.0),06/12/24 23:00:00,Annual,Total,Total,Percentage,Netherlands,2021,15.1,
ESTAT:ILC_MDES04(1.0),06/12/24 23:00:00,Annual,Total,Total,Percentage,Netherlands,2022,14.6,
ESTAT:ILC_MDES04(1.0),06/12/24 23:00:00,Annual,Total,Total,Percentage,Netherlands,2023,15.9,
ESTAT:ILC_MDES04(1.0),06/12/24 23:00:00,Annual,Total,Total,Percentage,Norway,2003,9.8,
ESTAT:ILC_MDES04(1.0),06/12/24 23:00:00,Annual,Total,Total,Percentage,Norway,2004,21.1,
ESTAT:ILC_MDES04(1.0),06/12/24 23:00:00,Annual,Total,Total,Percentage,Norway,2005,29.5,
ESTAT:ILC_MDES04(1.0),06/12/24 23:00:00,Annual,Total,Total,Percentage,Norway,2006,26.7,
ESTAT:ILC_MDES04(1.0),06/12/24 23:00:00,Annual,Total,Total,Percentage,Norway,2007,11.7,
ESTAT:ILC_MDES04(1.0),06/12/24 23:00:00,Annual,Total,Total,Percentage,Norway,2008,12.6,
ESTAT:ILC_MDES04(1.0),06/12/24 23:00:00,Annual,Total,Total,Percentage,Norway,2009,12.7,
ESTAT:ILC_MDES04(1.0),06/12/24 23:00:00,Annual,Total,Total,Percentage,Norway,2010,11.4,
ESTAT:ILC_MDES04(1.0),06/12/24 23:00:00,Annual,Total,Total,Percentage,Norway,2011,11.8,
ESTAT:ILC_MDES04(1.0),06/12/24 23:00:00,Annual,Total,Total,Percentage,Norway,2012,10.2,
ESTAT:ILC_MDES04(1.0),06/12/24 23:00:00,Annual,Total,Total,Percentage,Norway,2013,11.2,
ESTAT:ILC_MDES04(1.0),06/12/24 23:00:00,Annual,Total,Total,Percentage,Norway,2014,16.1,
ESTAT:ILC_MDES04(1.0),06/12/24 23:00:00,Annual,Total,Total,Percentage,Norway,2015,16.8,
ESTAT:ILC_MDES04(1.0),06/12/24 23:00:00,Annual,Total,Total,Percentage,Norway,2016,18.1,
ESTAT:ILC_MDES04(1.0),06/12/24 23:00:00,Annual,Total,Total,Percentage,Norway,2017,17.4,
ESTAT:ILC_MDES04(1.0),06/12/24 23:00:00,Annual,Total,Total,Percentage,Norway,2018,19.7,
ESTAT:ILC_MDES04(1.0),06/12/24 23:00:00,Annual,Total,Total,Percentage,Norway,2019,24.7,
ESTAT:ILC_MDES04(1.0),06/12/24 23:00:00,Annual,Total,Total,Percentage,Norway,2020,20.1,
ESTAT:ILC_MDES04(1.0),06/12/24 23:00:00,Annual,Total,Total,Percentage,Norway,2021,23.4,b
ESTAT:ILC_MDES04(1.0),06/12/24 23:00:00,Annual,Total,Total,Percentage,Norway,2022,22.0,
ESTAT:ILC_MDES04(1.0),06/12/24 23:00:00,Annual,Total,Total,Percentage,Norway,2023,24.2,
ESTAT:ILC_MDES04(1.0),06/12/24 23:00:00,Annual,Total,Total,Percentage,Poland,2005,62.6,
ESTAT:ILC_MDES04(1.0),06/12/24 23:00:00,Annual,Total,Total,Percentage,Poland,2006,57.0,
ESTAT:ILC_MDES04(1.0),06/12/24 23:00:00,Annual,Total,Total,Percentage,Poland,2007,54.4,
ESTAT:ILC_MDES04(1.0),06/12/24 23:00:00,Annual,Total,Total,Percentage,Poland,2008,50.7,
ESTAT:ILC_MDES04(1.0),06/12/24 23:00:00,Annual,Total,Total,Percentage,Poland,2009,50.0,
ESTAT:ILC_MDES04(1.0),06/12/24 23:00:00,Annual,Total,Total,Percentage,Poland,2010,50.6,
ESTAT:ILC_MDES04(1.0),06/12/24 23:00:00,Annual,Total,Total,Percentage,Poland,2011,51.2,
ESTAT:ILC_MDES04(1.0),06/12/24 23:00:00,Annual,Total,Total,Percentage,Poland,2012,54.1,
ESTAT:ILC_MDES04(1.0),06/12/24 23:00:00,Annual,Total,Total,Percentage,Poland,2013,50.5,
ESTAT:ILC_MDES04(1.0),06/12/24 23:00:00,Annual,Total,Total,Percentage,Poland,2014,48.6,
ESTAT:ILC_MDES04(1.0),06/12/24 23:00:00,Annual,Total,Total,Percentage,Poland,2015,42.3,
ESTAT:ILC_MDES04(1.0),06/12/24 23:00:00,Annual,Total,Total,Percentage,Poland,2016,37.9,
ESTAT:ILC_MDES04(1.0),06/12/24 23:00:00,Annual,Total,Total,Percentage,Poland,2017,34.8,
ESTAT:ILC_MDES04(1.0),06/12/24 23:00:00,Annual,Total,Total,Percentage,Poland,2018,31.7,
ESTAT:ILC_MDES04(1.0),06/12/24 23:00:00,Annual,Total,Total,Percentage,Poland,2019,29.3,
ESTAT:ILC_MDES04(1.0),06/12/24 23:00:00,Annual,Total,Total,Percentage,Poland,2020,25.7,
ESTAT:ILC_MDES04(1.0),06/12/24 23:00:00,Annual,Total,Total,Percentage,Poland,2021,24.5,
ESTAT:ILC_MDES04(1.0),06/12/24 23:00:00,Annual,Total,Total,Percentage,Poland,2022,27.1,
ESTAT:ILC_MDES04(1.0),06/12/24 23:00:00,Annual,Total,Total,Percentage,Poland,2023,25.7,
ESTAT:ILC_MDES04(1.0),06/12/24 23:00:00,Annual,Total,Total,Percentage,Portugal,2004,19.5,
ESTAT:ILC_MDES04(1.0),06/12/24 23:00:00,Annual,Total,Total,Percentage,Portugal,2005,18.7,
ESTAT:ILC_MDES04(1.0),06/12/24 23:00:00,Annual,Total,Total,Percentage,Portugal,2006,16.4,
ESTAT:ILC_MDES04(1.0),06/12/24 23:00:00,Annual,Total,Total,Percentage,Portugal,2007,19.7,
ESTAT:ILC_MDES04(1.0),06/12/24 23:00:00,Annual,Total,Total,Percentage,Portugal,2008,26.2,
ESTAT:ILC_MDES04(1.0),06/12/24 23:00:00,Annual,Total,Total,Percentage,Portugal,2009,27.8,
ESTAT:ILC_MDES04(1.0),06/12/24 23:00:00,Annual,Total,Total,Percentage,Portugal,2010,27.2,
ESTAT:ILC_MDES04(1.0),06/12/24 23:00:00,Annual,Total,Total,Percentage,Portugal,2011,29.1,
ESTAT:ILC_MDES04(1.0),06/12/24 23:00:00,Annual,Total,Total,Percentage,Portugal,2012,35.9,
ESTAT:ILC_MDES04(1.0),06/12/24 23:00:00,Annual,Total,Total,Percentage,Portugal,2013,43.2,
ESTAT:ILC_MDES04(1.0),06/12/24 23:00:00,Annual,Total,Total,Percentage,Portugal,2014,42.2,
ESTAT:ILC_MDES04(1.0),06/12/24 23:00:00,Annual,Total,Total,Percentage,Portugal,2015,40.7,
ESTAT:ILC_MDES04(1.0),06/12/24 23:00:00,Annual,Total,Total,Percentage,Portugal,2016,38.3,
ESTAT:ILC_MDES04(1.0),06/12/24 23:00:00,Annual,Total,Total,Percentage,Portugal,2017,36.9,
ESTAT:ILC_MDES04(1.0),06/12/24 23:00:00,Annual,Total,Total,Percentage,Portugal,2018,34.7,
ESTAT:ILC_MDES04(1.0),06/12/24 23:00:00,Annual,Total,Total,Percentage,Portugal,2019,33.0,
ESTAT:ILC_MDES04(1.0),06/12/24 23:00:00,Annual,Total,Total,Percentage,Portugal,2020,30.8,
ESTAT:ILC_MDES04(1.0),06/12/24 23:00:00,Annual,Total,Total,Percentage,Portugal,2021,31.2,b
ESTAT:ILC_MDES04(1.0),06/12/24 23:00:00,Annual,Total,Total,Percentage,Portugal,2022,29.9,
ESTAT:ILC_MDES04(1.0),06/12/24 23:00:00,Annual,Total,Total,Percentage,Portugal,2023,30.5,
ESTAT:ILC_MDES04(1.0),06/12/24 23:00:00,Annual,Total,Total,Percentage,Romania,2007,46.2,
ESTAT:ILC_MDES04(1.0),06/12/24 23:00:00,Annual,Total,Total,Percentage,Romania,2008,41.9,
ESTAT:ILC_MDES04(1.0),06/12/24 23:00:00,Annual,Total,Total,Percentage,Romania,2009,41.6,
ESTAT:ILC_MDES04(1.0),06/12/24 23:00:00,Annual,Total,Total,Percentage,Romania,2010,44.8,
ESTAT:ILC_MDES04(1.0),06/12/24 23:00:00,Annual,Total,Total,Percentage,Romania,2011,50.8,
ESTAT:ILC_MDES04(1.0),06/12/24 23:00:00,Annual,Total,Total,Percentage,Romania,2012,53.9,
ESTAT:ILC_MDES04(1.0),06/12/24 23:00:00,Annual,Total,Total,Percentage,Romania,2013,53.0,
ESTAT:ILC_MDES04(1.0),06/12/24 23:00:00,Annual,Total,Total,Percentage,Romania,2014,52.7,
ESTAT:ILC_MDES04(1.0),06/12/24 23:00:00,Annual,Total,Total,Percentage,Romania,2015,51.4,
ESTAT:ILC_MDES04(1.0),06/12/24 23:00:00,Annual,Total,Total,Percentage,Romania,2016,54.5,
ESTAT:ILC_MDES04(1.0),06/12/24 23:00:00,Annual,Total,Total,Percentage,Romania,2017,52.5,
ESTAT:ILC_MDES04(1.0),06/12/24 23:00:00,Annual,Total,Total,Percentage,Romania,2018,45.9,
ESTAT:ILC_MDES04(1.0),06/12/24 23:00:00,Annual,Total,Total,Percentage,Romania,2019,44.3,
ESTAT:ILC_MDES04(1.0),06/12/24 23:00:00,Annual,Total,Total,Percentage,Romania,2020,47.3,
ESTAT:ILC_MDES04(1.0),06/12/24 23:00:00,Annual,Total,Total,Percentage,Romania,2021,47.3,
ESTAT:ILC_MDES04(1.0),06/12/24 23:00:00,Annual,Total,Total,Percentage,Romania,2022,47.9,
ESTAT:ILC_MDES04(1.0),06/12/24 23:00:00,Annual,Total,Total,Percentage,Romania,2023,46.4,
ESTAT:ILC_MDES04(1.0),06/12/24 23:00:00,Annual,Total,Total,Percentage,Serbia,2013,50.1,
ESTAT:ILC_MDES04(1.0),06/12/24 23:00:00,Annual,Total,Total,Percentage,Serbia,2014,50.7,
ESTAT:ILC_MDES04(1.0),06/12/24 23:00:00,Annual,Total,Total,Percentage,Serbia,2015,47.3,
ESTAT:ILC_MDES04(1.0),06/12/24 23:00:00,Annual,Total,Total,Percentage,Serbia,2016,48.3,
ESTAT:ILC_MDES04(1.0),06/12/24 23:00:00,Annual,Total,Total,Percentage,Serbia,2017,44.1,
ESTAT:ILC_MDES04(1.0),06/12/24 23:00:00,Annual,Total,Total,Percentage,Serbia,2018,39.8,
ESTAT:ILC_MDES04(1.0),06/12/24 23:00:00,Annual,Total,Total,Percentage,Serbia,2019,35.5,
ESTAT:ILC_MDES04(1.0),06/12/24 23:00:00,Annual,Total,Total,Percentage,Serbia,2020,35.1,
ESTAT:ILC_MDES04(1.0),06/12/24 23:00:00,Annual,Total,Total,Percentage,Serbia,2021,33.9,
ESTAT:ILC_MDES04(1.0),06/12/24 23:00:00,Annual,Total,Total,Percentage,Serbia,2022,32.9,
ESTAT:ILC_MDES04(1.0),06/12/24 23:00:00,Annual,Total,Total,Percentage,Sweden,2004,14.1,
ESTAT:ILC_MDES04(1.0),06/12/24 23:00:00,Annual,Total,Total,Percentage,Sweden,2005,14.1,
ESTAT:ILC_MDES04(1.0),06/12/24 23:00:00,Annual,Total,Total,Percentage,Sweden,2006,13.9,
ESTAT:ILC_MDES04(1.0),06/12/24 23:00:00,Annual,Total,Total,Percentage,Sweden,2007,18.0,
ESTAT:ILC_MDES04(1.0),06/12/24 23:00:00,Annual,Total,Total,Percentage,Sweden,2008,21.3,b
ESTAT:ILC_MDES04(1.0),06/12/24 23:00:00,Annual,Total,Total,Percentage,Sweden,2009,21.3,
ESTAT:ILC_MDES04(1.0),06/12/24 23:00:00,Annual,Total,Total,Percentage,Sweden,2010,18.8,
ESTAT:ILC_MDES04(1.0),06/12/24 23:00:00,Annual,Total,Total,Percentage,Sweden,2011,19.4,
ESTAT:ILC_MDES04(1.0),06/12/24 23:00:00,Annual,Total,Total,Percentage,Sweden,2012,20.7,
ESTAT:ILC_MDES04(1.0),06/12/24 23:00:00,Annual,Total,Total,Percentage,Sweden,2013,21.0,
ESTAT:ILC_MDES04(1.0),06/12/24 23:00:00,Annual,Total,Total,Percentage,Sweden,2014,20.4,
ESTAT:ILC_MDES04(1.0),06/12/24 23:00:00,Annual,Total,Total,Percentage,Sweden,2015,19.8,
ESTAT:ILC_MDES04(1.0),06/12/24 23:00:00,Annual,Total,Total,Percentage,Sweden,2016,20.7,
ESTAT:ILC_MDES04(1.0),06/12/24 23:00:00,Annual,Total,Total,Percentage,Sweden,2017,19.7,
ESTAT:ILC_MDES04(1.0),06/12/24 23:00:00,Annual,Total,Total,Percentage,Sweden,2018,20.2,
ESTAT:ILC_MDES04(1.0),06/12/24 23:00:00,Annual,Total,Total,Percentage,Sweden,2019,20.5,
ESTAT:ILC_MDES04(1.0),06/12/24 23:00:00,Annual,Total,Total,Percentage,Sweden,2020,19.8,
ESTAT:ILC_MDES04(1.0),06/12/24 23:00:00,Annual,Total,Total,Percentage,Sweden,2021,18.4,
ESTAT:ILC_MDES04(1.0),06/12/24 23:00:00,Annual,Total,Total,Percentage,Sweden,2022,21.2,
ESTAT:ILC_MDES04(1.0),06/12/24 23:00:00,Annual,Total,Total,Percentage,Sweden,2023,21.8,
ESTAT:ILC_MDES04(1.0),06/12/24 23:00:00,Annual,Total,Total,Percentage,Slovenia,2005,42.9,
ESTAT:ILC_MDES04(1.0),06/12/24 23:00:00,Annual,Total,Total,Percentage,Slovenia,2006,43.4,
ESTAT:ILC_MDES04(1.0),06/12/24 23:00:00,Annual,Total,Total,Percentage,Slovenia,2007,41.6,
ESTAT:ILC_MDES04(1.0),06/12/24 23:00:00,Annual,Total,Total,Percentage,Slovenia,2008,44.5,
ESTAT:ILC_MDES04(1.0),06/12/24 23:00:00,Annual,Total,Total,Percentage,Slovenia,2009,40.6,
ESTAT:ILC_MDES04(1.0),06/12/24 23:00:00,Annual,Total,Total,Percentage,Slovenia,2010,45.1,
ESTAT:ILC_MDES04(1.0),06/12/24 23:00:00,Annual,Total,Total,Percentage,Slovenia,2011,46.7,
ESTAT:ILC_MDES04(1.0),06/12/24 23:00:00,Annual,Total,Total,Percentage,Slovenia,2012,45.7,
ESTAT:ILC_MDES04(1.0),06/12/24 23:00:00,Annual,Total,Total,Percentage,Slovenia,2013,45.8,
ESTAT:ILC_MDES04(1.0),06/12/24 23:00:00,Annual,Total,Total,Percentage,Slovenia,2014,45.8,
ESTAT:ILC_MDES04(1.0),06/12/24 23:00:00,Annual,Total,Total,Percentage,Slovenia,2015,42.9,
ESTAT:ILC_MDES04(1.0),06/12/24 23:00:00,Annual,Total,Total,Percentage,Slovenia,2016,41.7,
ESTAT:ILC_MDES04(1.0),06/12/24 23:00:00,Annual,Total,Total,Percentage,Slovenia,2017,37.1,
ESTAT:ILC_MDES04(1.0),06/12/24 23:00:00,Annual,Total,Total,Percentage,Slovenia,2018,33.1,
ESTAT:ILC_MDES04(1.0),06/12/24 23:00:00,Annual,Total,Total,Percentage,Slovenia,2019,33.0,
ESTAT:ILC_MDES04(1.0),06/12/24 23:00:00,Annual,Total,Total,Percentage,Slovenia,2020,29.6,
ESTAT:ILC_MDES04(1.0),06/12/24 23:00:00,Annual,Total,Total,Percentage,Slovenia,2021,24.6,
ESTAT:ILC_MDES04(1.0),06/12/24 23:00:00,Annual,Total,Total,Percentage,Slovenia,2022,24.6,
ESTAT:ILC_MDES04(1.0),06/12/24 23:00:00,Annual,Total,Total,Percentage,Slovenia,2023,22.7,
ESTAT:ILC_MDES04(1.0),06/12/24 23:00:00,Annual,Total,Total,Percentage,Slovakia,2005,59.3,
ESTAT:ILC_MDES04(1.0),06/12/24 23:00:00,Annual,Total,Total,Percentage,Slovakia,2006,49.1,
ESTAT:ILC_MDES04(1.0),06/12/24 23:00:00,Annual,Total,Total,Percentage,Slovakia,2007,43.3,
ESTAT:ILC_MDES04(1.0),06/12/24 23:00:00,Annual,Total,Total,Percentage,Slovakia,2008,38.5,b
ESTAT:ILC_MDES04(1.0),06/12/24 23:00:00,Annual,Total,Total,Percentage,Slovakia,2009,36.0,
ESTAT:ILC_MDES04(1.0),06/12/24 23:00:00,Annual,Total,Total,Percentage,Slovakia,2010,38.2,
ESTAT:ILC_MDES04(1.0),06/12/24 23:00:00,Annual,Total,Total,Percentage,Slovakia,2011,35.8,
ESTAT:ILC_MDES04(1.0),06/12/24 23:00:00,Annual,Total,Total,Percentage,Slovakia,2012,36.1,
ESTAT:ILC_MDES04(1.0),06/12/24 23:00:00,Annual,Total,Total,Percentage,Slovakia,2013,39.5,
ESTAT:ILC_MDES04(1.0),06/12/24 23:00:00,Annual,Total,Total,Percentage,Slovakia,2014,38.9,
ESTAT:ILC_MDES04(1.0),06/12/24 23:00:00,Annual,Total,Total,Percentage,Slovakia,2015,36.7,
ESTAT:ILC_MDES04(1.0),06/12/24 23:00:00,Annual,Total,Total,Percentage,Slovakia,2016,37.9,
ESTAT:ILC_MDES04(1.0),06/12/24 23:00:00,Annual,Total,Total,Percentage,Slovakia,2017,34.6,
ESTAT:ILC_MDES04(1.0),06/12/24 23:00:00,Annual,Total,Total,Percentage,Slovakia,2018,31.5,
ESTAT:ILC_MDES04(1.0),06/12/24 23:00:00,Annual,Total,Total,Percentage,Slovakia,2019,30.0,
ESTAT:ILC_MDES04(1.0),06/12/24 23:00:00,Annual,Total,Total,Percentage,Slovakia,2020,26.1,
ESTAT:ILC_MDES04(1.0),06/12/24 23:00:00,Annual,Total,Total,Percentage,Slovakia,2021,27.0,
ESTAT:ILC_MDES04(1.0),06/12/24 23:00:00,Annual,Total,Total,Percentage,Slovakia,2022,27.0,
ESTAT:ILC_MDES04(1.0),06/12/24 23:00:00,Annual,Total,Total,Percentage,Slovakia,2023,29.3,
ESTAT:ILC_MDES04(1.0),06/12/24 23:00:00,Annual,Total,Total,Percentage,Trkiye,2006,70.8,
ESTAT:ILC_MDES04(1.0),06/12/24 23:00:00,Annual,Total,Total,Percentage,Trkiye,2007,73.0,
ESTAT:ILC_MDES04(1.0),06/12/24 23:00:00,Annual,Total,Total,Percentage,Trkiye,2008,71.1,
ESTAT:ILC_MDES04(1.0),06/12/24 23:00:00,Annual,Total,Total,Percentage,Trkiye,2009,62.5,
ESTAT:ILC_MDES04(1.0),06/12/24 23:00:00,Annual,Total,Total,Percentage,Trkiye,2011,67.6,
ESTAT:ILC_MDES04(1.0),06/12/24 23:00:00,Annual,Total,Total,Percentage,Trkiye,2012,61.8,
ESTAT:ILC_MDES04(1.0),06/12/24 23:00:00,Annual,Total,Total,Percentage,Trkiye,2013,49.0,
ESTAT:ILC_MDES04(1.0),06/12/24 23:00:00,Annual,Total,Total,Percentage,Trkiye,2014,29.0,
ESTAT:ILC_MDES04(1.0),06/12/24 23:00:00,Annual,Total,Total,Percentage,Trkiye,2015,32.6,
ESTAT:ILC_MDES04(1.0),06/12/24 23:00:00,Annual,Total,Total,Percentage,Trkiye,2016,34.4,
ESTAT:ILC_MDES04(1.0),06/12/24 23:00:00,Annual,Total,Total,Percentage,Trkiye,2017,31.7,
ESTAT:ILC_MDES04(1.0),06/12/24 23:00:00,Annual,Total,Total,Percentage,Trkiye,2018,30.4,
ESTAT:ILC_MDES04(1.0),06/12/24 23:00:00,Annual,Total,Total,Percentage,Trkiye,2019,29.7,
ESTAT:ILC_MDES04(1.0),06/12/24 23:00:00,Annual,Total,Total,Percentage,Trkiye,2020,32.2,
ESTAT:ILC_MDES04(1.0),06/12/24 23:00:00,Annual,Total,Total,Percentage,Trkiye,2021,33.4,
ESTAT:ILC_MDES04(1.0),06/12/24 23:00:00,Annual,Total,Total,Percentage,Trkiye,2022,31.1,
ESTAT:ILC_MDES04(1.0),06/12/24 23:00:00,Annual,Total,Total,Percentage,Trkiye,2023,31.8,
ESTAT:ILC_MDES04(1.0),06/12/24 23:00:00,Annual,Total,Total,Percentage,United Kingdom,2005,30.8,
ESTAT:ILC_MDES04(1.0),06/12/24 23:00:00,Annual,Total,Total,Percentage,United Kingdom,2006,28.5,
ESTAT:ILC_MDES04(1.0),06/12/24 23:00:00,Annual,Total,Total,Percentage,United Kingdom,2007,26.6,
ESTAT:ILC_MDES04(1.0),06/12/24 23:00:00,Annual,Total,Total,Percentage,United Kingdom,2008,28.6,
ESTAT:ILC_MDES04(1.0),06/12/24 23:00:00,Annual,Total,Total,Percentage,United Kingdom,2009,31.1,
ESTAT:ILC_MDES04(1.0),06/12/24 23:00:00,Annual,Total,Total,Percentage,United Kingdom,2010,34.7,
ESTAT:ILC_MDES04(1.0),06/12/24 23:00:00,Annual,Total,Total,Percentage,United Kingdom,2011,36.7,
ESTAT:ILC_MDES04(1.0),06/12/24 23:00:00,Annual,Total,Total,Percentage,United Kingdom,2012,42.9,b
ESTAT:ILC_MDES04(1.0),06/12/24 23:00:00,Annual,Total,Total,Percentage,United Kingdom,2013,41.1,
ESTAT:ILC_MDES04(1.0),06/12/24 23:00:00,Annual,Total,Total,Percentage,United Kingdom,2014,39.0,
ESTAT:ILC_MDES04(1.0),06/12/24 23:00:00,Annual,Total,Total,Percentage,United Kingdom,2015,38.4,
ESTAT:ILC_MDES04(1.0),06/12/24 23:00:00,Annual,Total,Total,Percentage,United Kingdom,2016,38.0,
ESTAT:ILC_MDES04(1.0),06/12/24 23:00:00,Annual,Total,Total,Percentage,United Kingdom,2017,32.9,b
ESTAT:ILC_MDES04(1.0),06/12/24 23:00:00,Annual,Total,Total,Percentage,United Kingdom,2018,34.6,
ESTAT:ILC_MDES04(1.0),06/12/24 23:00:00,Annual,Total,Total,Percentage,Kosovo*,2018,47.3,
